lr,weight_decay,epochs,batch_size,lstm_hidden_sizes,mlp_layer_sizes,dropout_rate,RMSE_mean,MAPE_mean,R2_mean,PCC_mean
0.001,0,100,64,"[6, 6, 6]","[6, 3]",0,0.09508089,0.030953672830946743,79.72991358619532,89.29160855656892
0.001,0,100,64,"[6, 6, 6]","[6, 3]",0.1,0.10380332,0.0373170361854136,78.97089204322127,88.86556815956406
0.001,0,100,64,"[6, 6, 6]","[6, 3]",0.2,0.121616945,0.0430930987931788,82.20397592510842,90.66640829166468
0.001,0,100,64,"[6, 6, 6]","[3, 6]",0,0.09284876,0.030064862221479416,82.11844182455265,90.61922633997304
0.001,0,100,64,"[6, 6, 6]","[3, 6]",0.1,0.16347581,0.06305894930846989,67.23937075488489,81.99961631305655
0.001,0,100,64,"[6, 6, 6]","[3, 6]",0.2,0.15406281,0.05799741484224796,59.85647071531774,77.36696369595859
0.001,0,100,64,"[6, 6, 6]","[3, 3]",0,0.49105275,0.20065931603312492,0.0,
0.001,0,100,64,"[6, 6, 6]","[3, 3]",0.1,0.49223635,0.2012267941609025,0.0,
0.001,0,100,64,"[6, 6, 6]","[3, 3]",0.2,0.25257304,0.09742977563291788,7.329926714139491,27.07383739727246
0.001,0,100,64,"[6, 6, 6]",[3],0,0.4340204,0.1732243923470378,1.9960677164619398,14.128226061547641
0.001,0,100,64,"[6, 6, 6]",[3],0.1,0.42196137,0.1675162697210908,0.0,
0.001,0,100,64,"[6, 6, 6]",[3],0.2,0.20252123,0.0788220320828259,70.02449679818986,83.68064100984759
0.001,0,100,64,"[6, 6, 6]",[6],0,0.0968506,0.034607635461725295,76.53812762690349,87.48607182112102
0.001,0,100,64,"[6, 6, 6]",[6],0.1,0.11380922,0.04424407961778343,75.26846279075369,86.75739898749481
0.001,0,100,64,"[6, 6, 6]",[6],0.2,0.18256615,0.07055093883536756,51.88672810409315,72.03244276303083
0.001,0,100,64,"[6, 6, 3]","[6, 3]",0,0.19949426,0.07580180536024272,46.20619461522133,-67.97513855463725
0.001,0,100,64,"[6, 6, 3]","[6, 3]",0.1,0.4739476,0.19243069691583514,0.0,
0.001,0,100,64,"[6, 6, 3]","[6, 3]",0.2,0.23435292,0.09126880904659629,4.669920591452151,21.60999905472499
0.001,0,100,64,"[6, 6, 3]","[3, 6]",0,0.14180058,0.04914498422294855,49.0087131059173,70.0062233704385
0.001,0,100,64,"[6, 6, 3]","[3, 6]",0.1,0.13065949,0.045418457011692226,63.230937260034324,79.51788305785958
0.001,0,100,64,"[6, 6, 3]","[3, 6]",0.2,0.20131654,0.0807287055067718,5.801319435448709,24.085928330559963
0.001,0,100,64,"[6, 6, 3]","[3, 3]",0,0.10044364,0.03379048430360854,76.87628989993506,87.67912516667523
0.001,0,100,64,"[6, 6, 3]","[3, 3]",0.1,0.12183738,0.0468727492261678,76.33980934140608,87.3726555287214
0.001,0,100,64,"[6, 6, 3]","[3, 3]",0.2,0.71673954,0.30607751104980707,0.0,
0.001,0,100,64,"[6, 6, 3]",[3],0,0.21200334,0.08141163270920515,0.3464778061542538,-5.886236540899912
0.001,0,100,64,"[6, 6, 3]",[3],0.1,0.17233986,0.06479203584603965,23.61567594489507,48.595962738580525
0.001,0,100,64,"[6, 6, 3]",[3],0.2,0.18602236,0.07083282107487321,9.495521455880967,30.8148040004816
0.001,0,100,64,"[6, 6, 3]",[6],0,0.08790496,0.028642828692682087,78.62374578524204,88.67003202054347
0.001,0,100,64,"[6, 6, 3]",[6],0.1,0.18522866,0.0701257900800556,9.101481474058867,30.168661677407677
0.001,0,100,64,"[6, 6, 3]",[6],0.2,0.18254323,0.07093812455423176,14.383639432365051,37.925768854915844
0.001,0,100,64,"[6, 3, 3]","[6, 3]",0,0.122809984,0.04200567491352558,76.27889193225904,87.33778788832419
0.001,0,100,64,"[6, 3, 3]","[6, 3]",0.1,0.20569612,0.08095759549178183,38.36750358376968,-61.94150755654052
0.001,0,100,64,"[6, 3, 3]","[6, 3]",0.2,0.12609167,0.046040822053328156,74.42603363066944,86.27052430040601
0.001,0,100,64,"[6, 3, 3]","[3, 6]",0,0.18550247,0.07065734826028347,40.731884559815754,63.821535988893075
0.001,0,100,64,"[6, 3, 3]","[3, 6]",0.1,0.12454869,0.04385757783893496,67.00068793559966,81.85394794119564
0.001,0,100,64,"[6, 3, 3]","[3, 6]",0.2,0.13540563,0.0468930636998266,80.26924790847836,89.59310682662945
0.001,0,100,64,"[6, 3, 3]","[3, 3]",0,0.12142141,0.04288208147045225,65.14729538890052,80.71387451293643
0.001,0,100,64,"[6, 3, 3]","[3, 3]",0.1,0.6246281,0.2635697368532419,0.0,
0.001,0,100,64,"[6, 3, 3]","[3, 3]",0.2,0.18171169,0.07113903993740678,23.100454146032842,48.06293181447928
0.001,0,100,64,"[6, 3, 3]",[3],0,0.090307124,0.031106118694879115,81.0392336900853,90.02179385575768
0.001,0,100,64,"[6, 3, 3]",[3],0.1,0.15862803,0.05937262321822345,58.378968962379155,76.40613127385731
0.001,0,100,64,"[6, 3, 3]",[3],0.2,0.2548179,0.09547407389618456,8.078679593535334,-28.423018125342242
0.001,0,100,64,"[6, 3, 3]",[6],0,0.089723974,0.030157805304042995,78.86894447873385,88.80818908115053
0.001,0,100,64,"[6, 3, 3]",[6],0.1,0.0943887,0.032470261794514954,83.64903729356658,91.45984763466785
0.001,0,100,64,"[6, 3, 3]",[6],0.2,0.09807198,0.03526679356582463,77.54578160561157,88.0600826740536
0.001,0,100,64,"[3, 3, 3]","[6, 3]",0,0.09094861,0.028624420519918203,80.49535501851322,89.71920364030949
0.001,0,100,64,"[3, 3, 3]","[6, 3]",0.1,0.20377696,0.0807511096354574,0.0913729390613941,3.0227957102886416
0.001,0,100,64,"[3, 3, 3]","[6, 3]",0.2,0.13725403,0.053525250405073166,75.70378738294767,87.00792342249507
0.001,0,100,64,"[3, 3, 3]","[3, 6]",0,0.17197962,0.061137002194300294,19.882135620243265,44.58938844640422
0.001,0,100,64,"[3, 3, 3]","[3, 6]",0.1,0.17031212,0.0639632751699537,31.858619994836683,56.44344071266093
0.001,0,100,64,"[3, 3, 3]","[3, 6]",0.2,0.19326411,0.07470652344636619,0.0,
0.001,0,100,64,"[3, 3, 3]","[3, 3]",0,0.23995496,0.09323605336248875,0.0,
0.001,0,100,64,"[3, 3, 3]","[3, 3]",0.1,0.41849816,0.1658704481087625,0.0,
0.001,0,100,64,"[3, 3, 3]","[3, 3]",0.2,0.3200097,0.1221225131303072,0.003059283481345566,0.5531078991793161
0.001,0,100,64,"[3, 3, 3]",[3],0,0.7080681,0.3021120326593518,1.9306376302908466,13.89473868156881
0.001,0,100,64,"[3, 3, 3]",[3],0.1,0.11174898,0.038839655462652445,76.20873793931979,87.29761619845058
0.001,0,100,64,"[3, 3, 3]",[3],0.2,0.13309623,0.050146476132795215,61.9123252651246,78.68438553177155
0.001,0,100,64,"[3, 3, 3]",[6],0,0.15119568,0.053430814296007156,50.458383983544564,71.03406505581991
0.001,0,100,64,"[3, 3, 3]",[6],0.1,0.085168995,0.028281466802582145,83.3877163429314,91.31687486052695
0.001,0,100,64,"[3, 3, 3]",[6],0.2,0.1787041,0.06753201014362276,13.725969780001126,37.0485759240502
0.001,0,100,64,"[6, 3]","[6, 3]",0,0.20886876,0.0792901439126581,2.626076260501527,-16.205172817657722
0.001,0,100,64,"[6, 3]","[6, 3]",0.1,0.12258485,0.04618044476956129,82.29446274363339,90.71629552821993
0.001,0,100,64,"[6, 3]","[6, 3]",0.2,0.11492419,0.04018392355646938,78.75387238082727,88.74337855909437
0.001,0,100,64,"[6, 3]","[3, 6]",0,0.0884762,0.02929925685748458,81.90844356164426,90.50328367614308
0.001,0,100,64,"[6, 3]","[3, 6]",0.1,0.106557176,0.03690645389724523,83.0221201831187,91.11647501035073
0.001,0,100,64,"[6, 3]","[3, 6]",0.2,0.20790836,0.08216749411076307,52.222312628274366,72.26500718070564
0.001,0,100,64,"[6, 3]","[3, 3]",0,0.37584856,0.14569859486073256,0.0,
0.001,0,100,64,"[6, 3]","[3, 3]",0.1,0.10119843,0.03482307947706431,80.69751795617704,89.83179724138722
0.001,0,100,64,"[6, 3]","[3, 3]",0.2,0.65399,0.2771760104224086,0.0,
0.001,0,100,64,"[6, 3]",[3],0,0.12187149,0.041730375960469246,77.785469799184,88.19607122722873
0.001,0,100,64,"[6, 3]",[3],0.1,0.19139755,0.0724273209925741,0.05423168708817591,2.3287697844178568
0.001,0,100,64,"[6, 3]",[3],0.2,0.11828361,0.03970666439272463,76.52522099264982,87.47869511638237
0.001,0,100,64,"[6, 3]",[6],0,0.17232664,0.06432863301597536,17.75911473750351,42.141564680851026
0.001,0,100,64,"[6, 3]",[6],0.1,0.097305946,0.034889118978753686,77.6702899779528,88.13074944532855
0.001,0,100,64,"[6, 3]",[6],0.2,0.11936596,0.04206240992061794,71.07379125427656,84.3052734141089
0.001,0,100,64,"[3, 6]","[6, 3]",0,0.18990354,0.07235820521600544,0.6529644160668414,8.080621362660432
0.001,0,100,64,"[3, 6]","[6, 3]",0.1,0.11271781,0.04248505865689367,82.51558221412283,90.83808794449759
0.001,0,100,64,"[3, 6]","[6, 3]",0.2,0.26520202,0.1022257492877543,0.12618732435583918,-3.552285522812589
0.001,0,100,64,"[3, 6]","[3, 6]",0,0.13439411,0.04307536582928151,75.2690462651003,86.75773525461594
0.001,0,100,64,"[3, 6]","[3, 6]",0.1,0.124056086,0.044469075510278344,71.83716957839378,84.75681068704378
0.001,0,100,64,"[3, 6]","[3, 6]",0.2,0.11173598,0.04176364163868129,81.60960700734914,90.33803573653189
0.001,0,100,64,"[3, 6]","[3, 3]",0,0.19835658,0.07754942635074258,0.0,
0.001,0,100,64,"[3, 6]","[3, 3]",0.1,0.2011858,0.07840446196496487,0.19215515292782603,4.383550534986748
0.001,0,100,64,"[3, 6]","[3, 3]",0.2,0.12476825,0.04720250435639173,77.13501737995479,87.82654347061302
0.001,0,100,64,"[3, 6]",[3],0,0.32468238,0.12385118752717972,0.0,
0.001,0,100,64,"[3, 6]",[3],0.1,0.16682082,0.06453724345192313,32.58298175082848,57.08150466729875
0.001,0,100,64,"[3, 6]",[3],0.2,0.18883392,0.07012464920990169,0.0,
0.001,0,100,64,"[3, 6]",[6],0,0.102006085,0.036197283770889044,72.73221243207702,85.28318265172625
0.001,0,100,64,"[3, 6]",[6],0.1,0.103367135,0.0367304339306429,73.68372073027936,85.83922222986375
0.001,0,100,64,"[3, 6]",[6],0.2,0.11137119,0.04066699184477329,73.1866487925849,85.54919566692891
0.001,0,100,64,[3],"[6, 3]",0,0.090478145,0.028487775125540793,78.69848652715062,88.71216744457922
0.001,0,100,64,[3],"[6, 3]",0.1,0.10767895,0.038310527452267706,79.44567009022865,89.13230059312316
0.001,0,100,64,[3],"[6, 3]",0.2,0.15933155,0.06379333208315074,68.46975443292577,82.74645275353244
0.001,0,100,64,[3],"[3, 6]",0,0.20789799,0.08033090271055698,15.730358270473296,-39.66151569276355
0.001,0,100,64,[3],"[3, 6]",0.1,0.16393556,0.061623769579455256,81.39180069680457,90.21740447208873
0.001,0,100,64,[3],"[3, 6]",0.2,0.18830019,0.07141297683119774,6.351256711264782,25.201699766612528
0.001,0,100,64,[3],"[3, 3]",0,0.10861454,0.03620731586124748,83.13679495689247,91.1793808691924
0.001,0,100,64,[3],"[3, 3]",0.1,0.5712922,0.23868121206760406,0.0,
0.001,0,100,64,[3],"[3, 3]",0.2,0.13618952,0.0483517098473385,78.30933778127556,88.49256340578883
0.001,0,100,64,[3],[3],0,0.15644725,0.05826518754474819,31.324334943294463,55.968147140399836
0.001,0,100,64,[3],[3],0.1,0.20677699,0.0811331789009273,0.0,
0.001,0,100,64,[3],[3],0.2,0.28312165,0.10375234996899962,29.86773752156553,-54.6513838082491
0.001,0,100,64,[3],[6],0,0.16354565,0.060455146012827754,34.87190334824039,59.05243716244095
0.001,0,100,64,[3],[6],0.1,0.18129908,0.07000116165727377,11.688204264240385,34.18801583046373
0.001,0,100,64,[3],[6],0.2,0.10748028,0.03922602336388081,71.20840934445692,84.38507530627494
0.001,0,100,64,[6],"[6, 3]",0,0.17732464,0.06599212065339088,16.252660538835887,40.314588598714344
0.001,0,100,64,[6],"[6, 3]",0.1,0.18872933,0.07064740639179945,7.3864511522175045,-27.17802633050735
0.001,0,100,64,[6],"[6, 3]",0.2,0.18436733,0.07087802514433861,39.54153907825569,62.88206348256686
0.001,0,100,64,[6],"[3, 6]",0,0.16313563,0.060533679788932204,45.63865911103726,67.55639060150952
0.001,0,100,64,[6],"[3, 6]",0.1,0.1988072,0.0756215478759259,14.894075771929776,-38.59284360076331
0.001,0,100,64,[6],"[3, 6]",0.2,0.11283013,0.039011851185932755,84.70437020258682,92.03497715683248
0.001,0,100,64,[6],"[3, 3]",0,0.10272425,0.03329608298372477,80.25159447786857,89.58325428218633
0.001,0,100,64,[6],"[3, 3]",0.1,0.32453334,0.12379001127555966,0.0,
0.001,0,100,64,[6],"[3, 3]",0.2,0.2425417,0.0940974394325167,0.0,
0.001,0,100,64,[6],[3],0,0.08586976,0.028998669586144388,79.96649678819068,89.42398827394732
0.001,0,100,64,[6],[3],0.1,0.14382589,0.05419371300376952,64.64888103861556,80.40452788159106
0.001,0,100,64,[6],[3],0.2,0.10414215,0.03732721088454127,73.14148787756098,85.5227968892277
0.001,0,100,64,[6],[6],0,0.14769603,0.05107026663608849,40.387593638458306,63.55123416461581
0.001,0,100,64,[6],[6],0.1,0.119966775,0.04215224180370569,60.87547813806111,78.02273908166843
0.001,0,100,64,[6],[6],0.2,0.16738117,0.0628750363830477,52.25612341713464,72.2883970061134
0.001,0,100,32,"[6, 6, 6]","[6, 3]",0,0.29087937,0.10973162134177983,0.0,
0.001,0,100,32,"[6, 6, 6]","[6, 3]",0.1,0.087878406,0.031035844585858285,83.17131740076007,91.19276290876917
0.001,0,100,32,"[6, 6, 6]","[6, 3]",0.2,0.22022094,0.08619735017418861,0.0,
0.001,0,100,32,"[6, 6, 6]","[3, 6]",0,0.17024988,0.06312584737315774,63.27098956381422,79.35449216839258
0.001,0,100,32,"[6, 6, 6]","[3, 6]",0.1,0.08503997,0.028144078532932326,84.45034371319082,91.86278429777792
0.001,0,100,32,"[6, 6, 6]","[3, 6]",0.2,0.19222884,0.07273046066984534,0.0,
0.001,0,100,32,"[6, 6, 6]","[3, 3]",0,0.086127065,0.030139152659103274,82.44274163945352,90.7944518259469
0.001,0,100,32,"[6, 6, 6]","[3, 3]",0.1,0.19239995,0.07303878082893789,1.0772074199497625,
0.001,0,100,32,"[6, 6, 6]","[3, 3]",0.2,0.28830415,0.10885114315897226,0.0,
0.001,0,100,32,"[6, 6, 6]",[3],0,0.09934136,0.033235720184165984,75.74076243941371,86.99215127617803
0.001,0,100,32,"[6, 6, 6]",[3],0.1,0.11506875,0.03964043571613729,77.31897490958559,87.92951100955867
0.001,0,100,32,"[6, 6, 6]",[3],0.2,0.091636345,0.0327015615766868,83.56317000646874,91.40842084691147
0.001,0,100,32,"[6, 6, 6]",[6],0,0.08204543,0.028513014694908634,82.68855337282639,90.92414625412535
0.001,0,100,32,"[6, 6, 6]",[6],0.1,0.09814851,0.03360778355272487,79.37482342927123,89.08225264571495
0.001,0,100,32,"[6, 6, 6]",[6],0.2,0.10462679,0.03650099679362029,78.27296012364863,88.44114066946342
0.001,0,100,32,"[6, 6, 3]","[6, 3]",0,0.16801766,0.062452873680740595,38.04276546195594,61.03849772698669
0.001,0,100,32,"[6, 6, 3]","[6, 3]",0.1,0.1556758,0.06210423307493329,73.81422859136345,85.89744509612655
0.001,0,100,32,"[6, 6, 3]","[6, 3]",0.2,0.23725729,0.09260856604669243,69.83286952685859,-83.53219156046524
0.001,0,100,32,"[6, 6, 3]","[3, 6]",0,0.07946868,0.02694515060284175,83.30856768839682,91.24943878318989
0.001,0,100,32,"[6, 6, 3]","[3, 6]",0.1,0.12048422,0.044507987331599,77.16008427042419,87.84058388151428
0.001,0,100,32,"[6, 6, 3]","[3, 6]",0.2,0.16828589,0.06744649435859174,67.75713342922046,82.13063118509751
0.001,0,100,32,"[6, 6, 3]","[3, 3]",0,0.361298,0.13767697382718325,9.785539427948217,
0.001,0,100,32,"[6, 6, 3]","[3, 3]",0.1,0.30025268,0.11303143692202866,0.0,
0.001,0,100,32,"[6, 6, 3]","[3, 3]",0.2,0.16983227,0.06357364763971418,78.63458135106588,88.67059810051765
0.001,0,100,32,"[6, 6, 3]",[3],0,0.08344033,0.028328740154393017,83.4939633702426,91.37095793629098
0.001,0,100,32,"[6, 6, 3]",[3],0.1,0.08697788,0.02914756041718647,83.6297379883427,91.43862555105389
0.001,0,100,32,"[6, 6, 3]",[3],0.2,0.4053414,0.15844378503970802,0.0,
0.001,0,100,32,"[6, 6, 3]",[6],0,0.08374753,0.02791968872770667,83.40082038274107,91.32012381854474
0.001,0,100,32,"[6, 6, 3]",[6],0.1,0.13448445,0.05145228642504662,62.89131710255086,79.23130756791375
0.001,0,100,32,"[6, 6, 3]",[6],0.2,0.1275822,0.04532402235781774,66.93629826185298,81.80622101797081
0.001,0,100,32,"[6, 3, 3]","[6, 3]",0,0.19240135,0.07219882390927523,0.0,
0.001,0,100,32,"[6, 3, 3]","[6, 3]",0.1,0.21071303,0.08254541317000985,0.0,
0.001,0,100,32,"[6, 3, 3]","[6, 3]",0.2,0.13562003,0.052546193182934076,77.01264322539322,87.7143717211435
0.001,0,100,32,"[6, 3, 3]","[3, 6]",0,0.08977519,0.03107902011834085,83.10063282046337,91.15252181154258
0.001,0,100,32,"[6, 3, 3]","[3, 6]",0.1,0.13698915,0.0484369506011717,74.24175388670557,86.06923108711234
0.001,0,100,32,"[6, 3, 3]","[3, 6]",0.2,0.118220106,0.04092269955435768,77.5823201481797,87.96561665190778
0.001,0,100,32,"[6, 3, 3]","[3, 3]",0,0.083332434,0.02768989361356944,82.27965804355435,90.69784960620706
0.001,0,100,32,"[6, 3, 3]","[3, 3]",0.1,0.21473274,0.0840871362015605,10.103741148367666,
0.001,0,100,32,"[6, 3, 3]","[3, 3]",0.2,0.18480167,0.07032770372461528,62.95801341866084,79.13872136677958
0.001,0,100,32,"[6, 3, 3]",[3],0,0.11366751,0.03853519738186151,81.63461714137478,90.34254067639887
0.001,0,100,32,"[6, 3, 3]",[3],0.1,0.13102415,0.049698539078235626,68.46567700627395,82.7157545863304
0.001,0,100,32,"[6, 3, 3]",[3],0.2,0.08948596,0.031234306516125798,83.05353191796095,91.12340541206422
0.001,0,100,32,"[6, 3, 3]",[6],0,0.084437564,0.028250945615582168,82.20046120494484,90.65948096605074
0.001,0,100,32,"[6, 3, 3]",[6],0.1,0.14687333,0.053849274991080165,55.81118088583589,74.55273776851018
0.001,0,100,32,"[6, 3, 3]",[6],0.2,0.09346539,0.03314102068543434,80.85511463400812,89.91375724420058
0.001,0,100,32,"[3, 3, 3]","[6, 3]",0,0.52556,0.21643609507009387,0.0,
0.001,0,100,32,"[3, 3, 3]","[6, 3]",0.1,0.12967968,0.049115746514871716,77.89490008533195,88.25491699239072
0.001,0,100,32,"[3, 3, 3]","[6, 3]",0.2,0.113023385,0.043565797386690974,84.83505190150751,92.09447756999423
0.001,0,100,32,"[3, 3, 3]","[3, 6]",0,0.0985958,0.032145636214409024,79.091535154496,88.89961093106675
0.001,0,100,32,"[3, 3, 3]","[3, 6]",0.1,0.1027533,0.0377426651539281,83.74223239393942,91.5103782877905
0.001,0,100,32,"[3, 3, 3]","[3, 6]",0.2,0.17327663,0.06770743639208376,81.62732341238436,90.34441617546233
0.001,0,100,32,"[3, 3, 3]","[3, 3]",0,0.18860419,0.06898574065417051,15.68630964551979,37.93796276651218
0.001,0,100,32,"[3, 3, 3]","[3, 3]",0.1,0.19210404,0.0725423771655187,0.17202880675208776,
0.001,0,100,32,"[3, 3, 3]","[3, 3]",0.2,0.117063716,0.04526921838987619,83.8036139024496,91.5439944266178
0.001,0,100,32,"[3, 3, 3]",[3],0,0.53810334,0.2223948366008699,0.0,
0.001,0,100,32,"[3, 3, 3]",[3],0.1,0.10017383,0.03588398394640535,81.23202266987201,90.12690842507136
0.001,0,100,32,"[3, 3, 3]",[3],0.2,0.12889093,0.04867512470809743,77.97328762679471,88.29999853241036
0.001,0,100,32,"[3, 3, 3]",[6],0,0.19661914,0.07312363013625145,6.792971720043044,24.353954172986118
0.001,0,100,32,"[3, 3, 3]",[6],0.1,0.092530146,0.03151682176394388,80.30153658265614,89.6080050328459
0.001,0,100,32,"[3, 3, 3]",[6],0.2,0.10358943,0.03922982141375542,83.23812829544539,91.21992636621258
0.001,0,100,32,"[6, 3]","[6, 3]",0,0.13482976,0.04652699863072485,66.88955875573986,81.7480960878852
0.001,0,100,32,"[6, 3]","[6, 3]",0.1,0.12602326,0.04971497692167759,74.97739495927968,86.58643977843198
0.001,0,100,32,"[6, 3]","[6, 3]",0.2,0.33407497,0.1261614786926657,0.0,
0.001,0,100,32,"[6, 3]","[3, 6]",0,0.13720457,0.0481503942864947,78.07489963500986,88.3588160770617
0.001,0,100,32,"[6, 3]","[3, 6]",0.1,0.20102961,0.07848093810025603,0.0,
0.001,0,100,32,"[6, 3]","[3, 6]",0.2,0.12996814,0.05044370191171765,78.6904304701155,88.6711440646153
0.001,0,100,32,"[6, 3]","[3, 3]",0,0.20542237,0.08049288007896394,0.0,
0.001,0,100,32,"[6, 3]","[3, 3]",0.1,0.2055949,0.08056505175773054,0.0,
0.001,0,100,32,"[6, 3]","[3, 3]",0.2,0.19574577,0.07556912605650723,0.0,
0.001,0,100,32,"[6, 3]",[3],0,0.10415868,0.03439593710936606,76.11887175305102,87.24345584640352
0.001,0,100,32,"[6, 3]",[3],0.1,0.10492519,0.039191063842736185,75.92978026398805,87.10212632060717
0.001,0,100,32,"[6, 3]",[3],0.2,0.145855,0.053364319319371134,67.11567815072861,81.92002329137057
0.001,0,100,32,"[6, 3]",[6],0,0.19918504,0.07778262661304325,57.06675034129641,75.10135622770858
0.001,0,100,32,"[6, 3]",[6],0.1,0.10897059,0.03821095451712608,74.9407223510348,86.568161150371
0.001,0,100,32,"[6, 3]",[6],0.2,0.10481698,0.03781819250434637,81.273409583487,90.14277866820021
0.001,0,100,32,"[3, 6]","[6, 3]",0,0.51795965,0.21281491499394178,0.0,
0.001,0,100,32,"[3, 6]","[6, 3]",0.1,0.09433933,0.03456675913184881,82.80709698870756,90.99586808336552
0.001,0,100,32,"[3, 6]","[6, 3]",0.2,0.11427499,0.040312291821464896,82.98309418797578,91.09487271747159
0.001,0,100,32,"[3, 6]","[3, 6]",0,0.102720834,0.03426217444939539,78.1723678459811,88.41042401172749
0.001,0,100,32,"[3, 6]","[3, 6]",0.1,0.45164734,0.1807710505090654,10.103741148367668,
0.001,0,100,32,"[3, 6]","[3, 6]",0.2,0.13429938,0.048760212666820735,79.67031617008314,89.24874021694939
0.001,0,100,32,"[3, 6]","[3, 3]",0,0.1922625,0.07243772561196238,1.0901921357699886,
0.001,0,100,32,"[3, 6]","[3, 3]",0.1,0.11112204,0.04061205545440316,80.7615262916176,89.86296045940077
0.001,0,100,32,"[3, 6]","[3, 3]",0.2,0.14375722,0.05747866234742105,80.92740161355809,89.95308463773762
0.001,0,100,32,"[3, 6]",[3],0,0.08280637,0.028391843079589307,82.40172860026978,90.76509005964239
0.001,0,100,32,"[3, 6]",[3],0.1,0.08720267,0.030157876608427614,83.51891594051114,91.38767272375028
0.001,0,100,32,"[3, 6]",[3],0.2,0.18789001,0.07209322648122907,30.367778345810457,54.9785893562739
0.001,0,100,32,"[3, 6]",[6],0,0.08257563,0.028506398666650057,82.80274923026204,90.99440453811205
0.001,0,100,32,"[3, 6]",[6],0.1,0.093452476,0.0330446899170056,81.20068298449178,90.11141957562745
0.001,0,100,32,"[3, 6]",[6],0.2,0.09003136,0.031697057420387864,81.74939253957213,90.40365196253228
0.001,0,100,32,[3],"[6, 3]",0,0.08395756,0.028335352544672787,82.00986932823724,90.54022879655831
0.001,0,100,32,[3],"[6, 3]",0.1,0.20102961,0.07848093810025603,0.0,
0.001,0,100,32,[3],"[6, 3]",0.2,0.1311393,0.04863579815719277,79.62597933587102,89.22683967545542
0.001,0,100,32,[3],"[3, 6]",0,0.08262576,0.027269517886452377,81.90447089079376,90.43833144283496
0.001,0,100,32,[3],"[3, 6]",0.1,0.10993962,0.03890733205480501,78.76366914110412,88.74882500361093
0.001,0,100,32,[3],"[3, 6]",0.2,0.14478531,0.05563264130614698,76.75695474467689,87.49793084232716
0.001,0,100,32,[3],"[3, 3]",0,0.114541784,0.03925695345969871,71.36970706897584,84.45140245885922
0.001,0,100,32,[3],"[3, 3]",0.1,0.12273688,0.046473313705064356,81.37543044332395,90.20558156759759
0.001,0,100,32,[3],"[3, 3]",0.2,0.16723031,0.06221880030352622,73.46016435685475,85.66229992744604
0.001,0,100,32,[3],[3],0,0.14045292,0.051565770991146564,72.96203150382732,85.41271619266519
0.001,0,100,32,[3],[3],0.1,0.094738916,0.03372220817254856,83.62472637740771,91.44138884251987
0.001,0,100,32,[3],[3],0.2,0.126247,0.047927245032042265,78.86260574830973,88.80380352539161
0.001,0,100,32,[3],[6],0,0.22750556,0.08676195866428316,15.946940491977323,-39.22076588796751
0.001,0,100,32,[3],[6],0.1,0.111165956,0.038184484583325684,75.59060202816661,86.94110046150553
0.001,0,100,32,[3],[6],0.2,0.08663438,0.0294949219096452,82.55438053063233,90.84542615071067
0.001,0,100,32,[6],"[6, 3]",0,0.09885591,0.03157735336571932,76.63538338358504,87.43787347863146
0.001,0,100,32,[6],"[6, 3]",0.1,0.12436253,0.04925016837660223,79.5496003721554,89.18233081058008
0.001,0,100,32,[6],"[6, 3]",0.2,0.19436567,0.07489944400731474,0.0,
0.001,0,100,32,[6],"[3, 6]",0,0.079671495,0.02715061418712139,83.28527717408765,91.22495647162872
0.001,0,100,32,[6],"[3, 6]",0.1,0.11960732,0.04283527669031173,80.78511555832247,89.88011367977239
0.001,0,100,32,[6],"[3, 6]",0.2,0.123848096,0.046466874482575804,80.55713354712002,89.75351174775011
0.001,0,100,32,[6],"[3, 3]",0,0.15880978,0.057556855608709157,53.546041227219035,73.14996054784349
0.001,0,100,32,[6],"[3, 3]",0.1,0.14351374,0.054137513507157564,74.09968200538052,86.05807159725052
0.001,0,100,32,[6],"[3, 3]",0.2,0.13749449,0.052673358004540205,74.17822139687297,85.94891447373647
0.001,0,100,32,[6],[3],0,0.16211113,0.059236446395516396,65.80422041632355,81.05712630953133
0.001,0,100,32,[6],[3],0.1,0.11048874,0.03974797728005797,79.5470674195044,89.16612530891999
0.001,0,100,32,[6],[3],0.2,0.10859516,0.04033635923406109,80.05695544330177,89.46771934262583
0.001,0,100,32,[6],[6],0,0.12972438,0.04621991538442671,69.2054171666847,83.16686941393544
0.001,0,100,32,[6],[6],0.1,0.13681167,0.05066044395789504,71.75478734957855,84.6817257445268
0.001,0,100,32,[6],[6],0.2,0.09492992,0.03567302483133972,80.43224536195274,89.66118860244785
0.001,0,100,16,"[6, 6, 6]","[6, 3]",0,0.17235109,0.06692036549793556,0.0,
0.001,0,100,16,"[6, 6, 6]","[6, 3]",0.1,0.071298555,0.02411435798421735,61.73189240834813,
0.001,0,100,16,"[6, 6, 6]","[6, 3]",0.2,0.087614104,0.03076097054872662,62.36171661009514,
0.001,0,100,16,"[6, 6, 6]","[3, 6]",0,0.06446022,0.022656493456452154,62.8070684054183,
0.001,0,100,16,"[6, 6, 6]","[3, 6]",0.1,0.07381732,0.02851089438991039,62.20309384906513,
0.001,0,100,16,"[6, 6, 6]","[3, 6]",0.2,0.10000981,0.0356417962393607,58.25460775963571,
0.001,0,100,16,"[6, 6, 6]","[3, 3]",0,0.076198585,0.024911485525080934,60.337007103639536,
0.001,0,100,16,"[6, 6, 6]","[3, 3]",0.1,0.097616754,0.03549402463249862,60.307448661367474,
0.001,0,100,16,"[6, 6, 6]","[3, 3]",0.2,0.23356542,0.09386483579874039,55.84530195304764,
0.001,0,100,16,"[6, 6, 6]",[3],0,0.063605204,0.02110724017256871,62.045061619491825,
0.001,0,100,16,"[6, 6, 6]",[3],0.1,0.12952074,0.05222353865974583,61.48795028212461,
0.001,0,100,16,"[6, 6, 6]",[3],0.2,0.2076131,0.08408557332586497,0.0,
0.001,0,100,16,"[6, 6, 6]",[6],0,0.059880145,0.020252746980986558,63.106243124817425,
0.001,0,100,16,"[6, 6, 6]",[6],0.1,0.054493643,0.018320531216886593,64.62227331552162,
0.001,0,100,16,"[6, 6, 6]",[6],0.2,0.06471821,0.02194643602706492,62.21956063309562,
0.001,0,100,16,"[6, 6, 3]","[6, 3]",0,0.056054223,0.019109405138806324,63.54977195900643,
0.001,0,100,16,"[6, 6, 3]","[6, 3]",0.1,0.07028493,0.025382342573720962,61.347203249613145,
0.001,0,100,16,"[6, 6, 3]","[6, 3]",0.2,0.18612245,0.0743881770176813,0.5356409660025496,
0.001,0,100,16,"[6, 6, 3]","[3, 6]",0,0.06848769,0.02365202526561916,61.192302018741685,
0.001,0,100,16,"[6, 6, 3]","[3, 6]",0.1,0.16553743,0.06665242108283564,52.534253576219825,
0.001,0,100,16,"[6, 6, 3]","[3, 6]",0.2,0.09414187,0.032631002068228554,57.91497320604504,
0.001,0,100,16,"[6, 6, 3]","[3, 3]",0,0.25651526,0.10299598943674937,0.0,
0.001,0,100,16,"[6, 6, 3]","[3, 3]",0.1,0.08249262,0.029971326875966042,60.8131925103317,
0.001,0,100,16,"[6, 6, 3]","[3, 3]",0.2,0.08342377,0.028991813087486662,62.160361137105085,
0.001,0,100,16,"[6, 6, 3]",[3],0,0.06358292,0.02171440137317404,62.936246864994445,
0.001,0,100,16,"[6, 6, 3]",[3],0.1,0.08136658,0.027704661988536827,59.78357317095744,
0.001,0,100,16,"[6, 6, 3]",[3],0.2,0.092282474,0.03668279186967993,61.14991436656757,
0.001,0,100,16,"[6, 6, 3]",[6],0,0.06953559,0.024492542070220225,62.69338940228343,
0.001,0,100,16,"[6, 6, 3]",[6],0.1,0.06106519,0.02046549961960409,62.75437997317367,
0.001,0,100,16,"[6, 6, 3]",[6],0.2,0.061040197,0.019975956456619315,62.30909636011543,
0.001,0,100,16,"[6, 3, 3]","[6, 3]",0,0.06691756,0.02337079931749031,63.41128746419155,
0.001,0,100,16,"[6, 3, 3]","[6, 3]",0.1,0.08412014,0.029735870339209214,60.140849666421325,
0.001,0,100,16,"[6, 3, 3]","[6, 3]",0.2,0.10624294,0.042772530287038535,60.769084661515144,
0.001,0,100,16,"[6, 3, 3]","[3, 6]",0,0.091177896,0.03132966794510139,57.07465872611782,
0.001,0,100,16,"[6, 3, 3]","[3, 6]",0.1,0.08170964,0.031814455178391654,63.17349989910687,
0.001,0,100,16,"[6, 3, 3]","[3, 6]",0.2,0.10656344,0.03799275291385129,59.996392318738835,
0.001,0,100,16,"[6, 3, 3]","[3, 3]",0,0.17089932,0.06595617305720225,0.0,
0.001,0,100,16,"[6, 3, 3]","[3, 3]",0.1,0.07501268,0.025722814461914822,60.83616482436586,
0.001,0,100,16,"[6, 3, 3]","[3, 3]",0.2,0.116751924,0.043991512211505324,56.07700204580899,
0.001,0,100,16,"[6, 3, 3]",[3],0,0.069471315,0.024224263324867934,61.97904699272688,
0.001,0,100,16,"[6, 3, 3]",[3],0.1,0.060299423,0.02015569616560242,62.92390907819845,
0.001,0,100,16,"[6, 3, 3]",[3],0.2,0.056161962,0.017899799195220112,64.41915141408776,
0.001,0,100,16,"[6, 3, 3]",[6],0,0.08184949,0.029129434551578015,61.64317883830658,
0.001,0,100,16,"[6, 3, 3]",[6],0.1,0.09007659,0.03298221854493022,58.97455552105958,
0.001,0,100,16,"[6, 3, 3]",[6],0.2,0.07226204,0.025381481918884674,63.91220363369488,
0.001,0,100,16,"[3, 3, 3]","[6, 3]",0,0.21266021,0.08612752717453986,0.0,
0.001,0,100,16,"[3, 3, 3]","[6, 3]",0.1,0.07612738,0.02632497821650759,61.027391314796226,
0.001,0,100,16,"[3, 3, 3]","[6, 3]",0.2,0.076590076,0.027155967109138146,63.770422470131486,
0.001,0,100,16,"[3, 3, 3]","[3, 6]",0,0.08273993,0.029974494464113377,59.791268163310754,
0.001,0,100,16,"[3, 3, 3]","[3, 6]",0.1,0.11390692,0.04670429625548422,61.9007280211317,
0.001,0,100,16,"[3, 3, 3]","[3, 6]",0.2,0.090379864,0.031059832690516487,63.22986750888902,
0.001,0,100,16,"[3, 3, 3]","[3, 3]",0,0.11163034,0.04075619981449563,56.99084785675019,
0.001,0,100,16,"[3, 3, 3]","[3, 3]",0.1,0.06775933,0.02423553141852608,63.214311578802295,
0.001,0,100,16,"[3, 3, 3]","[3, 3]",0.2,0.12966415,0.05040765609010123,55.14470332245365,
0.001,0,100,16,"[3, 3, 3]",[3],0,0.09142524,0.03337083289807197,56.50441669391958,
0.001,0,100,16,"[3, 3, 3]",[3],0.1,0.07112157,0.024560394240324968,58.349488542318,
0.001,0,100,16,"[3, 3, 3]",[3],0.2,0.096964315,0.03782778476306703,59.83686072923614,
0.001,0,100,16,"[3, 3, 3]",[6],0,0.07909314,0.027116040655528195,57.05854344843176,
0.001,0,100,16,"[3, 3, 3]",[6],0.1,0.079437405,0.027820662580779754,58.95010980960126,
0.001,0,100,16,"[3, 3, 3]",[6],0.2,0.08964828,0.030675046673422912,59.15493127722199,
0.001,0,100,16,"[6, 3]","[6, 3]",0,0.07575171,0.027680156927090138,61.98660411898854,
0.001,0,100,16,"[6, 3]","[6, 3]",0.1,0.18885703,0.07570577436126769,0.0,
0.001,0,100,16,"[6, 3]","[6, 3]",0.2,0.108343914,0.04002684945589863,59.700166662823804,
0.001,0,100,16,"[6, 3]","[3, 6]",0,0.17167497,0.06648462585872039,0.0,
0.001,0,100,16,"[6, 3]","[3, 6]",0.1,0.09461294,0.03428173040447291,55.77539703632977,
0.001,0,100,16,"[6, 3]","[3, 6]",0.2,0.09913152,0.03540291254466865,59.24151474676479,
0.001,0,100,16,"[6, 3]","[3, 3]",0,0.063312896,0.021633340656990185,63.22799836255984,
0.001,0,100,16,"[6, 3]","[3, 3]",0.1,0.10705775,0.041853040602291,59.67309837555476,
0.001,0,100,16,"[6, 3]","[3, 3]",0.2,0.07280937,0.02502876500329876,63.223241733884834,
0.001,0,100,16,"[6, 3]",[3],0,0.18373539,0.0733048262191005,0.0,
0.001,0,100,16,"[6, 3]",[3],0.1,0.12150504,0.04741615921375342,57.69908391355154,
0.001,0,100,16,"[6, 3]",[3],0.2,0.12539417,0.05163359455764294,58.07402920437992,
0.001,0,100,16,"[6, 3]",[6],0,0.08165734,0.029556205845437944,59.7911522598571,
0.001,0,100,16,"[6, 3]",[6],0.1,0.063560024,0.021928330897935666,62.07129708826322,
0.001,0,100,16,"[6, 3]",[6],0.2,0.06798885,0.025130356107183616,61.98067416889521,
0.001,0,100,16,"[3, 6]","[6, 3]",0,0.06341504,0.022258263925323263,63.91487846584928,
0.001,0,100,16,"[3, 6]","[6, 3]",0.1,0.06906615,0.02436925351503305,62.733869194216,
0.001,0,100,16,"[3, 6]","[6, 3]",0.2,0.090398274,0.03544694191077724,62.17519241138544,
0.001,0,100,16,"[3, 6]","[3, 6]",0,0.071378976,0.02469604769430589,62.46367649875148,
0.001,0,100,16,"[3, 6]","[3, 6]",0.1,0.14217962,0.05654384585795924,61.28870823993239,
0.001,0,100,16,"[3, 6]","[3, 6]",0.2,0.18527614,0.07401175098493695,0.0,
0.001,0,100,16,"[3, 6]","[3, 3]",0,0.13259217,0.04791820319951512,57.6777369874564,
0.001,0,100,16,"[3, 6]","[3, 3]",0.1,0.09134552,0.03415960345591884,58.73507252012999,
0.001,0,100,16,"[3, 6]","[3, 3]",0.2,0.09646584,0.03342099571455037,60.075502376017816,
0.001,0,100,16,"[3, 6]",[3],0,0.07122652,0.02533941915316973,59.555306289647916,
0.001,0,100,16,"[3, 6]",[3],0.1,0.073378816,0.02465243396727601,59.728483702029095,
0.001,0,100,16,"[3, 6]",[3],0.2,0.06083276,0.021044792174507165,64.18303471427339,
0.001,0,100,16,"[3, 6]",[6],0,0.07260497,0.02518499386496842,61.75312534235401,
0.001,0,100,16,"[3, 6]",[6],0.1,0.060887627,0.020447979841264896,64.95030229975762,
0.001,0,100,16,"[3, 6]",[6],0.2,0.07482603,0.026866562075156253,62.79040750214146,
0.001,0,100,16,[3],"[6, 3]",0,0.051846422,0.016783556509381015,64.9635568029729,
0.001,0,100,16,[3],"[6, 3]",0.1,0.059868757,0.021130493405507877,66.1564793457152,
0.001,0,100,16,[3],"[6, 3]",0.2,0.082440466,0.028600023142644204,60.65298459554174,
0.001,0,100,16,[3],"[3, 6]",0,0.07710988,0.027649971889331937,62.19972820516608,
0.001,0,100,16,[3],"[3, 6]",0.1,0.15395668,0.06121710903244093,53.897113961362166,
0.001,0,100,16,[3],"[3, 6]",0.2,0.11051391,0.04294412938179448,55.56246787029953,
0.001,0,100,16,[3],"[3, 3]",0,0.07388664,0.025690681650303304,59.52180962556565,
0.001,0,100,16,[3],"[3, 3]",0.1,0.09819746,0.03880547919834498,61.904638417316875,
0.001,0,100,16,[3],"[3, 3]",0.2,0.10569747,0.03983561691711657,59.77547531010767,
0.001,0,100,16,[3],[3],0,0.07600627,0.027661728381644934,62.254089447165754,
0.001,0,100,16,[3],[3],0.1,0.07735628,0.02811366466630716,60.642704746032805,
0.001,0,100,16,[3],[3],0.2,0.068457425,0.024057208793237805,63.742246986562705,
0.001,0,100,16,[3],[6],0,0.059773315,0.021029151866969187,63.23325961093306,
0.001,0,100,16,[3],[6],0.1,0.06469729,0.02318266633665189,62.665844520976805,
0.001,0,100,16,[3],[6],0.2,0.07784055,0.02794796964735724,60.33107100858791,
0.001,0,100,16,[6],"[6, 3]",0,0.064092025,0.020831434994761366,60.55658422032268,
0.001,0,100,16,[6],"[6, 3]",0.1,0.074863076,0.028023741288052406,61.95273919329599,
0.001,0,100,16,[6],"[6, 3]",0.2,0.103026405,0.03964371426263824,59.738737639281496,
0.001,0,100,16,[6],"[3, 6]",0,0.07084489,0.02385140032856725,60.7578417987812,
0.001,0,100,16,[6],"[3, 6]",0.1,0.08111779,0.02870290286409727,58.78767575463563,
0.001,0,100,16,[6],"[3, 6]",0.2,0.12621629,0.046305508294608444,53.92504683392363,
0.001,0,100,16,[6],"[3, 3]",0,0.061664008,0.021710910732508637,63.09609967340597,
0.001,0,100,16,[6],"[3, 3]",0.1,0.1724472,0.06698063079966232,0.0,
0.001,0,100,16,[6],"[3, 3]",0.2,0.09822373,0.038604280416620895,60.981711851453376,
0.001,0,100,16,[6],[3],0,0.25475794,0.10235693916911259,0.0,
0.001,0,100,16,[6],[3],0.1,0.06454437,0.02164712186640827,62.69357687003357,
0.001,0,100,16,[6],[3],0.2,0.087293066,0.030263719486356422,58.05882442266325,
0.001,0,100,16,[6],[6],0,0.062163055,0.02159684809157625,63.08379872967064,
0.001,0,100,16,[6],[6],0.1,0.069749266,0.025578654094715603,61.78144357919801,
0.001,0,100,16,[6],[6],0.2,0.07168417,0.02356141362724884,61.42885844968774,
0.001,0,150,64,"[6, 6, 6]","[6, 3]",0,0.18867493,0.07046653190627694,0.0,
0.001,0,150,64,"[6, 6, 6]","[6, 3]",0.1,0.10905187,0.03618677437771112,81.28531562350132,90.15836934167639
0.001,0,150,64,"[6, 6, 6]","[6, 3]",0.2,0.11159512,0.04075250180903822,80.6254720528555,89.79168784072135
0.001,0,150,64,"[6, 6, 6]","[3, 6]",0,0.12959902,0.045918222167529166,79.768944498428,89.31346175041476
0.001,0,150,64,"[6, 6, 6]","[3, 6]",0.1,0.14808854,0.05669855163432658,76.0224330414123,87.1908441531634
0.001,0,150,64,"[6, 6, 6]","[3, 6]",0.2,0.19468798,0.0755283166654408,0.0,
0.001,0,150,64,"[6, 6, 6]","[3, 3]",0,0.08680669,0.03042607568204403,80.96704104190943,89.98168760470624
0.001,0,150,64,"[6, 6, 6]","[3, 3]",0.1,0.32468238,0.12385118752717972,0.0,
0.001,0,150,64,"[6, 6, 6]","[3, 3]",0.2,0.25433028,0.09745733696036041,10.956289819327944,33.10028673490299
0.001,0,150,64,"[6, 6, 6]",[3],0,0.12187802,0.043947374797426164,64.34041089442131,80.21247464978333
0.001,0,150,64,"[6, 6, 6]",[3],0.1,0.098979756,0.035519449738785625,81.28078149672662,90.155854772015
0.001,0,150,64,"[6, 6, 6]",[3],0.2,0.090206444,0.031399616273120046,83.90777936343775,91.60118960113877
0.001,0,150,64,"[6, 6, 6]",[6],0,0.081877194,0.027113116811960936,82.92223383863731,91.06164606388208
0.001,0,150,64,"[6, 6, 6]",[6],0.1,0.08187934,0.027011113706976175,83.42156754640342,91.3354080006234
0.001,0,150,64,"[6, 6, 6]",[6],0.2,0.20270358,0.07896448951214552,30.33528251560747,55.07747499260244
0.001,0,150,64,"[6, 6, 3]","[6, 3]",0,0.10526565,0.03467353235464543,75.6864351696681,86.99795122281219
0.001,0,150,64,"[6, 6, 3]","[6, 3]",0.1,0.09695087,0.034188851714134216,80.78575878036074,89.88089829344203
0.001,0,150,64,"[6, 6, 3]","[6, 3]",0.2,0.22673796,0.08598570129834116,10.695493270801606,32.703965005487646
0.001,0,150,64,"[6, 6, 3]","[3, 6]",0,0.20827354,0.07855843286961317,31.824316673041153,-56.41304518729788
0.001,0,150,64,"[6, 6, 3]","[3, 6]",0.1,0.08860136,0.02942533465102315,82.01541270600882,90.56236122474324
0.001,0,150,64,"[6, 6, 3]","[3, 6]",0.2,0.13318586,0.050954963080585,71.1402673000552,84.34468999294216
0.001,0,150,64,"[6, 6, 3]","[3, 3]",0,0.08645286,0.02799169160425663,81.43421669156422,90.24090906654486
0.001,0,150,64,"[6, 6, 3]","[3, 3]",0.1,0.14464855,0.054497987730428576,53.95776870501281,73.45595190657652
0.001,0,150,64,"[6, 6, 3]","[3, 3]",0.2,0.6235469,0.2635476179420948,5.477840976248073,23.40478792095342
0.001,0,150,64,"[6, 6, 3]",[3],0,0.08333219,0.02718801551964134,81.75576219780822,90.41889304664606
0.001,0,150,64,"[6, 6, 3]",[3],0.1,0.24985275,0.09492183453403413,56.22325290615237,74.98216648387292
0.001,0,150,64,"[6, 6, 3]",[3],0.2,0.17225245,0.06514385459013283,63.29644850160864,79.55906516645895
0.001,0,150,64,"[6, 6, 3]",[6],0,0.08161871,0.026834110030904412,82.72889878601531,90.95542797767226
0.001,0,150,64,"[6, 6, 3]",[6],0.1,0.08584638,0.029327734955586493,81.38706362321898,90.2147790681876
0.001,0,150,64,"[6, 6, 3]",[6],0.2,0.18816519,0.0734558270778507,63.80997112027929,79.88114365748608
0.001,0,150,64,"[6, 3, 3]","[6, 3]",0,0.10172076,0.03468012728262693,73.77536259809283,85.89258559275812
0.001,0,150,64,"[6, 3, 3]","[6, 3]",0.1,0.50028086,0.20507765002548695,0.0,
0.001,0,150,64,"[6, 3, 3]","[6, 3]",0.2,0.113006696,0.04291606310289353,83.08849197399239,91.1528891335828
0.001,0,150,64,"[6, 3, 3]","[3, 6]",0,0.0961499,0.03129400429315865,82.13203706161806,90.62672732787942
0.001,0,150,64,"[6, 3, 3]","[3, 6]",0.1,0.10544408,0.03477802965790033,81.15963032720882,90.08863986497343
0.001,0,150,64,"[6, 3, 3]","[3, 6]",0.2,0.1481478,0.05674200947396457,70.12551858231713,83.74098075752224
0.001,0,150,64,"[6, 3, 3]","[3, 3]",0,0.10476504,0.03582827630452812,77.16101417067993,87.84134230001266
0.001,0,150,64,"[6, 3, 3]","[3, 3]",0.1,0.18873216,0.07106453413143754,0.0,
0.001,0,150,64,"[6, 3, 3]","[3, 3]",0.2,0.17343225,0.06637382321059704,40.644925901636256,63.75337316694408
0.001,0,150,64,"[6, 3, 3]",[3],0,0.15855168,0.055462413001805544,39.90118542470297,63.167385116611385
0.001,0,150,64,"[6, 3, 3]",[3],0.1,0.0876616,0.029465771513059735,79.9130210656654,89.39408317426015
0.001,0,150,64,"[6, 3, 3]",[3],0.2,0.65133184,0.27583641931414604,7.386451152217507,-27.178026330507343
0.001,0,150,64,"[6, 3, 3]",[6],0,0.08102677,0.026118650566786528,82.19238730154122,90.66001726314705
0.001,0,150,64,"[6, 3, 3]",[6],0.1,0.082287185,0.028290701447986066,83.01421133228044,91.1121349394692
0.001,0,150,64,"[6, 3, 3]",[6],0.2,0.08140164,0.027702594525180757,84.41240886565366,91.87622590510216
0.001,0,150,64,"[3, 3, 3]","[6, 3]",0,0.11886632,0.04109023429919034,79.58654903931505,89.21129358960953
0.001,0,150,64,"[3, 3, 3]","[6, 3]",0.1,0.122287124,0.0434649467933923,78.29522074393111,88.48458664871023
0.001,0,150,64,"[3, 3, 3]","[6, 3]",0.2,0.18911614,0.0718355760909617,0.0,
0.001,0,150,64,"[3, 3, 3]","[3, 6]",0,0.10833469,0.03665544500108808,69.5185998692743,83.37781471667044
0.001,0,150,64,"[3, 3, 3]","[3, 6]",0.1,0.111376904,0.04118569195270538,79.11198521265084,88.94491846792081
0.001,0,150,64,"[3, 3, 3]","[3, 6]",0.2,0.24390928,0.09454715182073414,0.0,
0.001,0,150,64,"[3, 3, 3]","[3, 3]",0,0.096565366,0.03167787508573383,78.78572331971336,88.76132227480241
0.001,0,150,64,"[3, 3, 3]","[3, 3]",0.1,0.09856335,0.034568310366012156,80.34704649409878,89.63651404093018
0.001,0,150,64,"[3, 3, 3]","[3, 3]",0.2,0.15788879,0.06277159554883838,71.67379822420997,84.66037929528191
0.001,0,150,64,"[3, 3, 3]",[3],0,0.40527436,0.15949635999277234,1.391427315980957,-11.795877737502018
0.001,0,150,64,"[3, 3, 3]",[3],0.1,0.15826069,0.055705581326037645,30.476893287853468,55.20588128800542
0.001,0,150,64,"[3, 3, 3]",[3],0.2,0.12028347,0.04125491250306368,76.61984101364342,87.53276016077832
0.001,0,150,64,"[3, 3, 3]",[6],0,0.07684471,0.025182729586958885,83.65491363761758,91.46306010495033
0.001,0,150,64,"[3, 3, 3]",[6],0.1,0.14303018,0.05101255956105888,71.16138333402556,84.3572067662423
0.001,0,150,64,"[3, 3, 3]",[6],0.2,0.17845231,0.06905158516019583,53.59222864649374,73.20671324850866
0.001,0,150,64,"[6, 3]","[6, 3]",0,0.0908741,0.030331415473483503,78.0637055523471,88.35366746906837
0.001,0,150,64,"[6, 3]","[6, 3]",0.1,0.12055315,0.04584314883686602,78.15937292683067,88.40778977376976
0.001,0,150,64,"[6, 3]","[6, 3]",0.2,0.66328794,0.2814727369695902,0.0,
0.001,0,150,64,"[6, 3]","[3, 6]",0,0.10488617,0.0343252468155697,72.4894237655349,85.14072102439283
0.001,0,150,64,"[6, 3]","[3, 6]",0.1,0.19266522,0.07487568655051291,2.5191456400536216,15.871816657376126
0.001,0,150,64,"[6, 3]","[3, 6]",0.2,0.13009202,0.04833792336285114,76.64361484013743,87.54633906688353
0.001,0,150,64,"[6, 3]","[3, 3]",0,0.08090224,0.026535955839790404,84.09686933951738,91.70434522939324
0.001,0,150,64,"[6, 3]","[3, 3]",0.1,0.20412026,0.08010389865376055,0.0,
0.001,0,150,64,"[6, 3]","[3, 3]",0.2,0.13982174,0.0528974924236536,72.54528423168745,85.17351949502114
0.001,0,150,64,"[6, 3]",[3],0,0.16445126,0.05999918794259429,29.583444675819408,54.39066526143931
0.001,0,150,64,"[6, 3]",[3],0.1,0.21651477,0.08546952740289271,1.282614108470399,-11.325255442904586
0.001,0,150,64,"[6, 3]",[3],0.2,0.118978575,0.041509082075208426,75.51319206976407,86.89832683646105
0.001,0,150,64,"[6, 3]",[6],0,0.13263856,0.04683322040364146,66.9608884108196,81.82963302546308
0.001,0,150,64,"[6, 3]",[6],0.1,0.09628842,0.0317642668960616,78.04120048268342,88.3409307641047
0.001,0,150,64,"[6, 3]",[6],0.2,0.09761311,0.0357857090421021,81.44181726012634,90.24512023379788
0.001,0,150,64,"[3, 6]","[6, 3]",0,0.09530384,0.03064181364607066,80.95864582420207,89.97702252475466
0.001,0,150,64,"[3, 6]","[6, 3]",0.1,0.10874228,0.04052451404277235,79.34868518387913,89.0778789508816
0.001,0,150,64,"[3, 6]","[6, 3]",0.2,0.17232017,0.0679408956784755,79.99018398528115,89.43723161261262
0.001,0,150,64,"[3, 6]","[3, 6]",0,0.09321149,0.03153925354126841,76.81926973957978,87.6466027519491
0.001,0,150,64,"[3, 6]","[3, 6]",0.1,0.18919146,0.07193838246166706,0.0,
0.001,0,150,64,"[3, 6]","[3, 6]",0.2,0.1945903,0.07546998094767332,0.0005161222091912855,0.22718323203777283
0.001,0,150,64,"[3, 6]","[3, 3]",0,0.24806793,0.09569289977662265,61.00111566979859,78.10321099020102
0.001,0,150,64,"[3, 6]","[3, 3]",0.1,0.11432976,0.04132159519940615,78.11821302016726,88.38450826936092
0.001,0,150,64,"[3, 6]","[3, 3]",0.2,0.14807919,0.05785968969576061,78.94459208674087,88.85076931953986
0.001,0,150,64,"[3, 6]",[3],0,0.09489743,0.032357670716010034,77.05618216739245,87.78165079752856
0.001,0,150,64,"[3, 6]",[3],0.1,0.09204621,0.0320218998240307,78.70280433862126,88.71460101844637
0.001,0,150,64,"[3, 6]",[3],0.2,0.10933258,0.040859272121451795,75.93404862012156,87.14014495060333
0.001,0,150,64,"[3, 6]",[6],0,0.08750734,0.028561288490891457,80.30200363886706,89.61138523584324
0.001,0,150,64,"[3, 6]",[6],0.1,0.08698464,0.028999449568800628,80.2009747387488,89.55499692297957
0.001,0,150,64,"[3, 6]",[6],0.2,0.09286154,0.03393795050214976,81.99721960964882,90.55231615461241
0.001,0,150,64,[3],"[6, 3]",0,0.21241674,0.08335657184943557,0.0,
0.001,0,150,64,[3],"[6, 3]",0.1,0.1123527,0.04427956591825932,80.69580563833229,89.83084416743075
0.001,0,150,64,[3],"[6, 3]",0.2,0.19476213,0.07697361870668828,53.88782357665406,73.40832621484708
0.001,0,150,64,[3],"[3, 6]",0,0.20508614,0.07802629843354225,26.041759597316123,-51.031127360970686
0.001,0,150,64,[3],"[3, 6]",0.1,0.18935122,0.07213493227027357,0.0,
0.001,0,150,64,[3],"[3, 6]",0.2,0.12491813,0.04509688587859273,77.94493571918157,88.28642914920819
0.001,0,150,64,[3],"[3, 3]",0,0.085177675,0.030410964973270893,80.3937366337156,89.6625544102529
0.001,0,150,64,[3],"[3, 3]",0.1,0.43968403,0.17588792834430933,0.0,
0.001,0,150,64,[3],"[3, 3]",0.2,0.13060227,0.0484369695186615,71.12535258875202,84.33584800590553
0.001,0,150,64,[3],[3],0,0.13538794,0.048654701095074415,61.61592307847557,78.49581076622853
0.001,0,150,64,[3],[3],0.1,0.111861445,0.040239584632217884,76.81361776398728,87.64337839448412
0.001,0,150,64,[3],[3],0.2,0.3133877,0.11941274860873818,0.0,
0.001,0,150,64,[3],[6],0,0.10154783,0.03288714506197721,76.24554802076673,87.3186967497607
0.001,0,150,64,[3],[6],0.1,0.11326534,0.03953522827941924,70.01092123268697,83.67252908373631
0.001,0,150,64,[3],[6],0.2,0.1402427,0.05154404207132757,53.767085205280786,73.3260425805735
0.001,0,150,64,[6],"[6, 3]",0,0.07633634,0.025637182989157736,84.2686683400117,91.79796748295232
0.001,0,150,64,[6],"[6, 3]",0.1,0.09420339,0.03326597507111728,83.2005592877946,91.21434058731914
0.001,0,150,64,[6],"[6, 3]",0.2,0.15564716,0.06203288212418556,75.48536422641712,86.88231363540979
0.001,0,150,64,[6],"[3, 6]",0,0.080338605,0.027649523690342903,82.82681526074781,91.00923868528284
0.001,0,150,64,[6],"[3, 6]",0.1,0.11386134,0.03942657494917512,74.8020041209243,86.48815185961848
0.001,0,150,64,[6],"[3, 6]",0.2,0.19473329,0.07555637857876718,0.0,
0.001,0,150,64,[6],"[3, 3]",0,0.14626262,0.0514324230607599,81.10880023679205,90.06042429213403
0.001,0,150,64,[6],"[3, 3]",0.1,0.16960816,0.06627092370763421,47.23608550479967,68.72851337312605
0.001,0,150,64,[6],"[3, 3]",0.2,0.2618909,0.10055319871753454,7.386451152217511,-27.17802633050735
0.001,0,150,64,[6],[3],0,0.11183391,0.03725902643054724,75.69425522896105,87.00244549951515
0.001,0,150,64,[6],[3],0.1,0.09184772,0.030567144858650863,82.37172815502629,90.75887182806224
0.001,0,150,64,[6],[3],0.2,0.11731148,0.043240864761173725,76.8912526133275,87.68765740589006
0.001,0,150,64,[6],[6],0,0.07680261,0.02470096223987639,83.46096609964304,91.35697351578752
0.001,0,150,64,[6],[6],0.1,0.083375566,0.029693200485780835,82.16369209646125,90.64419015935951
0.001,0,150,64,[6],[6],0.2,0.14331993,0.05388564895838499,62.14543473466737,78.83237579488987
0.001,0,150,32,"[6, 6, 6]","[6, 3]",0,0.083821505,0.027198175666853786,82.87639090197706,90.99119045215551
0.001,0,150,32,"[6, 6, 6]","[6, 3]",0.1,0.08896396,0.03197737823938951,84.66587637859607,92.00954224557853
0.001,0,150,32,"[6, 6, 6]","[6, 3]",0.2,0.116037056,0.042036923696286976,82.6255853865891,90.89289800672248
0.001,0,150,32,"[6, 6, 6]","[3, 6]",0,0.1924307,0.07217190868686885,0.0,
0.001,0,150,32,"[6, 6, 6]","[3, 6]",0.1,0.10344984,0.03579846961656585,80.18873046243417,89.53725853630509
0.001,0,150,32,"[6, 6, 6]","[3, 6]",0.2,0.1079251,0.0369125438737683,83.95534423551865,91.62472275998584
0.001,0,150,32,"[6, 6, 6]","[3, 3]",0,0.19232668,0.07222897256724536,2.1932820962936543,
0.001,0,150,32,"[6, 6, 6]","[3, 3]",0.1,0.28878134,0.1090147823560983,0.0,
0.001,0,150,32,"[6, 6, 6]","[3, 3]",0.2,0.11213457,0.03796595410676673,80.53757135153683,89.70529260449212
0.001,0,150,32,"[6, 6, 6]",[3],0,0.15070122,0.05265288200462237,56.57078541321161,75.02578231225603
0.001,0,150,32,"[6, 6, 6]",[3],0.1,0.19238172,0.07221805572044104,0.0,
0.001,0,150,32,"[6, 6, 6]",[3],0.2,0.098965764,0.03512362891342491,80.49686242035976,89.70255259182699
0.001,0,150,32,"[6, 6, 6]",[6],0,0.07641497,0.02462219781591557,84.87747312601783,92.10971559436788
0.001,0,150,32,"[6, 6, 6]",[6],0.1,0.08419186,0.02750856801867485,83.66936975455413,91.45395531756687
0.001,0,150,32,"[6, 6, 6]",[6],0.2,0.09483598,0.03416638937778771,82.54583873032762,90.85449824230699
0.001,0,150,32,"[6, 6, 3]","[6, 3]",0,0.07914264,0.02582649904070422,84.37647571351425,91.84629043231624
0.001,0,150,32,"[6, 6, 3]","[6, 3]",0.1,0.19348821,0.07436572050210088,0.816427429313909,
0.001,0,150,32,"[6, 6, 3]","[6, 3]",0.2,0.19261327,0.07203475688584149,0.0,
0.001,0,150,32,"[6, 6, 3]","[3, 6]",0,0.08807578,0.029702674510190263,80.4242810567049,89.65798381854985
0.001,0,150,32,"[6, 6, 3]","[3, 6]",0.1,0.09441923,0.03160604101140052,80.66127166750269,89.81107639302927
0.001,0,150,32,"[6, 6, 3]","[3, 6]",0.2,0.1149912,0.041291076922789216,79.14297235577938,88.95223849627344
0.001,0,150,32,"[6, 6, 3]","[3, 3]",0,0.11818274,0.039611525426153094,78.00413618663949,88.3174912231516
0.001,0,150,32,"[6, 6, 3]","[3, 3]",0.1,0.10843238,0.038932726602070034,79.9526876589633,89.41276485105885
0.001,0,150,32,"[6, 6, 3]","[3, 3]",0.2,0.122982375,0.046453972754534334,81.702840356559,90.38761879921192
0.001,0,150,32,"[6, 6, 3]",[3],0,0.15694818,0.05839107325300574,68.93450649610136,82.99955749315833
0.001,0,150,32,"[6, 6, 3]",[3],0.1,0.14194882,0.053100669174455106,77.04273851285203,87.7499054362858
0.001,0,150,32,"[6, 6, 3]",[3],0.2,0.10390658,0.03987316013080999,83.9954790412697,91.64710063301776
0.001,0,150,32,"[6, 6, 3]",[6],0,0.19631739,0.07553053146693856,11.193933284137653,-29.859428797103764
0.001,0,150,32,"[6, 6, 3]",[6],0.1,0.085002914,0.028977415786357597,84.39781663023902,91.86625295911172
0.001,0,150,32,"[6, 6, 3]",[6],0.2,0.112259805,0.03973077255068347,80.01091271435943,89.44841402397518
0.001,0,150,32,"[6, 3, 3]","[6, 3]",0,0.08963263,0.029522050317609683,81.87496882298927,90.46140983441848
0.001,0,150,32,"[6, 3, 3]","[6, 3]",0.1,0.09261198,0.03248945431550965,82.46972182543647,90.78468785911173
0.001,0,150,32,"[6, 3, 3]","[6, 3]",0.2,0.12739186,0.045452144695445895,83.3587578638057,91.29997627577596
0.001,0,150,32,"[6, 3, 3]","[3, 6]",0,0.08594217,0.028403701435308903,80.9256156923759,89.9192901307054
0.001,0,150,32,"[6, 3, 3]","[3, 6]",0.1,0.19265689,0.07364149787463248,2.1159614677880088,
0.001,0,150,32,"[6, 3, 3]","[3, 6]",0.2,0.15284434,0.059461264754645526,75.65246617608418,86.97327199813827
0.001,0,150,32,"[6, 3, 3]","[3, 3]",0,0.08477709,0.027455818781163543,81.8389035825678,90.4346828644472
0.001,0,150,32,"[6, 3, 3]","[3, 3]",0.1,0.10058885,0.03675607295008376,82.1669858563854,90.6458711589389
0.001,0,150,32,"[6, 3, 3]","[3, 3]",0.2,0.19032057,0.07514846802223474,74.99465294256399,86.59130733917907
0.001,0,150,32,"[6, 3, 3]",[3],0,0.19239336,0.0722065131412819,0.0,
0.001,0,150,32,"[6, 3, 3]",[3],0.1,0.083111405,0.026681572489906102,83.2989761057417,91.26003125989871
0.001,0,150,32,"[6, 3, 3]",[3],0.2,0.09310585,0.03329336759634316,81.61237740470051,90.33640291599974
0.001,0,150,32,"[6, 3, 3]",[6],0,0.08553894,0.02916878293035552,81.23225700887787,90.11170669825668
0.001,0,150,32,"[6, 3, 3]",[6],0.1,0.08740148,0.031536640017293394,83.41299279192512,91.3245410294796
0.001,0,150,32,"[6, 3, 3]",[6],0.2,0.1092315,0.040886743227019906,77.67791484055903,88.12865541049942
0.001,0,150,32,"[3, 3, 3]","[6, 3]",0,0.073037446,0.023850493016652763,85.82171432134072,92.63833318528302
0.001,0,150,32,"[3, 3, 3]","[6, 3]",0.1,0.3817971,0.14699757448397577,0.0,
0.001,0,150,32,"[3, 3, 3]","[6, 3]",0.2,0.24437535,0.09412214858457446,0.0,
0.001,0,150,32,"[3, 3, 3]","[3, 6]",0,0.09674058,0.03192171425325796,81.07408373810598,90.04059803351362
0.001,0,150,32,"[3, 3, 3]","[3, 6]",0.1,0.086945206,0.02863186673494056,82.97277663624425,91.07446956599168
0.001,0,150,32,"[3, 3, 3]","[3, 6]",0.2,0.12581918,0.04850171389989555,78.86855800837421,88.7907449178108
0.001,0,150,32,"[3, 3, 3]","[3, 3]",0,0.108531974,0.03702297399286181,75.92927302153271,87.13424526893239
0.001,0,150,32,"[3, 3, 3]","[3, 3]",0.1,0.08254431,0.027574085106607527,86.59635500856474,93.04467429481053
0.001,0,150,32,"[3, 3, 3]","[3, 3]",0.2,0.116706654,0.04473192384466529,81.92496814546278,90.51240060720897
0.001,0,150,32,"[3, 3, 3]",[3],0,0.08718982,0.02884792411350645,79.90714012819885,89.38366460762614
0.001,0,150,32,"[3, 3, 3]",[3],0.1,0.12225045,0.04459041520021856,70.40077144441082,83.90504847807921
0.001,0,150,32,"[3, 3, 3]",[3],0.2,0.20997192,0.07982809620443732,34.05834696154396,57.509879406723215
0.001,0,150,32,"[3, 3, 3]",[6],0,0.08136188,0.026588829496176913,83.18450005748224,91.18000917391457
0.001,0,150,32,"[3, 3, 3]",[6],0.1,0.093864664,0.033064464514609426,80.75914471588564,89.85279975451269
0.001,0,150,32,"[3, 3, 3]",[6],0.2,0.10568585,0.0361275757313706,79.24272313910419,88.97580742084648
0.001,0,150,32,"[6, 3]","[6, 3]",0,0.13770941,0.048613153921905905,70.89969227801969,84.19633398521196
0.001,0,150,32,"[6, 3]","[6, 3]",0.1,0.1326204,0.05003184487577528,77.33314724487913,87.84161786843492
0.001,0,150,32,"[6, 3]","[6, 3]",0.2,0.12527007,0.04983490507584065,83.92634113032682,91.60859168648852
0.001,0,150,32,"[6, 3]","[3, 6]",0,0.08967158,0.02959771518362686,80.99455576395968,89.9865172791624
0.001,0,150,32,"[6, 3]","[3, 6]",0.1,0.092319466,0.032465963158756495,83.20658667780225,91.2154103360916
0.001,0,150,32,"[6, 3]","[3, 6]",0.2,0.19670099,0.07601859397254884,0.0,
0.001,0,150,32,"[6, 3]","[3, 3]",0,0.11269282,0.03608569677453488,78.81586302344871,88.77516935564762
0.001,0,150,32,"[6, 3]","[3, 3]",0.1,0.19289292,0.07365877972915769,10.103741148367673,
0.001,0,150,32,"[6, 3]","[3, 3]",0.2,0.17328244,0.067694898461923,71.44861811050559,84.48012994392019
0.001,0,150,32,"[6, 3]",[3],0,0.12940091,0.04610028845490888,74.47889757517916,86.30100923528713
0.001,0,150,32,"[6, 3]",[3],0.1,0.0878852,0.02914711440098472,82.22273420149388,90.65754213971373
0.001,0,150,32,"[6, 3]",[3],0.2,0.12213777,0.046924184425733984,81.64578923732552,90.33581558025199
0.001,0,150,32,"[6, 3]",[6],0,0.1054699,0.03656673798104748,78.72755975342314,88.72567071111231
0.001,0,150,32,"[6, 3]",[6],0.1,0.08880691,0.03098890883848071,82.34210250606084,90.73850852708102
0.001,0,150,32,"[6, 3]",[6],0.2,0.08180411,0.027061162109021097,84.28354758397282,91.79529653358924
0.001,0,150,32,"[3, 6]","[6, 3]",0,0.07818656,0.026990188780473545,84.241445537365,91.77988082534104
0.001,0,150,32,"[3, 6]","[6, 3]",0.1,0.22987765,0.08946980524342507,0.0,
0.001,0,150,32,"[3, 6]","[6, 3]",0.2,0.25544155,0.09756299841683358,0.0,
0.001,0,150,32,"[3, 6]","[3, 6]",0,0.07809667,0.026387630350654945,84.26265384159939,91.76907548965076
0.001,0,150,32,"[3, 6]","[3, 6]",0.1,0.098921925,0.035398635372985154,82.25846589445436,90.6963606237534
0.001,0,150,32,"[3, 6]","[3, 6]",0.2,0.13762917,0.051359995268285275,75.29698035992836,86.66270873169734
0.001,0,150,32,"[3, 6]","[3, 3]",0,0.09139092,0.031174019386526197,79.58317673616546,89.1937938128204
0.001,0,150,32,"[3, 6]","[3, 3]",0.1,0.11374458,0.0386436193366535,79.77669031357271,89.29787458033385
0.001,0,150,32,"[3, 6]","[3, 3]",0.2,0.19224165,0.07280292920768261,0.0,
0.001,0,150,32,"[3, 6]",[3],0,0.07889016,0.027445498562883586,84.09063606505791,91.69836373012218
0.001,0,150,32,"[3, 6]",[3],0.1,0.08826079,0.031081271299626678,83.3283870377233,91.28355475288936
0.001,0,150,32,"[3, 6]",[3],0.2,0.10909331,0.04266560863470659,83.93876579012459,91.61650054563115
0.001,0,150,32,"[3, 6]",[6],0,0.08711627,0.030014706862857565,80.46261771028853,89.67396928422647
0.001,0,150,32,"[3, 6]",[6],0.1,0.16389251,0.06310267199296504,64.60628432298485,80.3479218364589
0.001,0,150,32,"[3, 6]",[6],0.2,0.091696754,0.03456801059655845,82.18163319031422,90.64508091464043
0.001,0,150,32,[3],"[6, 3]",0,0.09150708,0.029410787828965113,80.22599502728409,89.5408547104597
0.001,0,150,32,[3],"[6, 3]",0.1,0.092530936,0.03254043695051223,83.52186387779096,91.38623948750259
0.001,0,150,32,[3],"[6, 3]",0.2,0.10627392,0.037447226350195706,85.29357647493475,92.34415882044689
0.001,0,150,32,[3],"[3, 6]",0,0.13802528,0.04822871705982834,76.04884807870184,87.20441264493763
0.001,0,150,32,[3],"[3, 6]",0.1,0.08543478,0.02827428761520423,84.4548684842839,91.89551792926844
0.001,0,150,32,[3],"[3, 6]",0.2,0.11848625,0.04577055515255779,80.36362050157365,89.6428055887549
0.001,0,150,32,[3],"[3, 3]",0,0.07925363,0.025859179731924087,83.82262901940842,91.53063310798717
0.001,0,150,32,[3],"[3, 3]",0.1,0.14288753,0.056633164058439434,79.95918850901153,89.41873636575814
0.001,0,150,32,[3],"[3, 3]",0.2,0.1338912,0.047759877634234726,78.79430960940323,88.74605916140712
0.001,0,150,32,[3],[3],0,0.085857354,0.02834611223079264,81.83307522115481,90.44513286425618
0.001,0,150,32,[3],[3],0.1,0.10623284,0.036874615761917084,75.96221722380136,87.1228611398353
0.001,0,150,32,[3],[3],0.2,0.09527193,0.033033905492629856,81.28224154828673,90.15662687127835
0.001,0,150,32,[3],[6],0,0.08640638,0.03002044977620244,80.5804120742049,89.75975402284604
0.001,0,150,32,[3],[6],0.1,0.0844626,0.028159246721770614,83.44884991715912,91.34073516867696
0.001,0,150,32,[3],[6],0.2,0.0862084,0.02938106335932389,83.05736122764048,91.13462835451934
0.001,0,150,32,[6],"[6, 3]",0,0.08345491,0.029055355116724968,82.44137933272609,90.78648193023557
0.001,0,150,32,[6],"[6, 3]",0.1,0.2550007,0.09742658585309982,0.0,
0.001,0,150,32,[6],"[6, 3]",0.2,0.114255786,0.04574184713419527,80.50810487839178,89.70603909009583
0.001,0,150,32,[6],"[3, 6]",0,0.0758864,0.024595146533101797,84.66709529731548,91.98494782265668
0.001,0,150,32,[6],"[3, 6]",0.1,0.101928756,0.03474698605714366,81.48379704118362,90.26528596048709
0.001,0,150,32,[6],"[3, 6]",0.2,0.13630836,0.051747959514614195,78.00930022096449,88.26218357164697
0.001,0,150,32,[6],"[3, 3]",0,0.19232515,0.07228085887618363,0.0,
0.001,0,150,32,[6],"[3, 3]",0.1,0.121438496,0.04462881770450622,76.28745347525785,87.28953658393637
0.001,0,150,32,[6],"[3, 3]",0.2,0.14647087,0.05284851067699492,77.34051762982435,87.87121559693188
0.001,0,150,32,[6],[3],0,0.08604488,0.02919152975664474,80.48060907869926,89.68677478740884
0.001,0,150,32,[6],[3],0.1,0.11734761,0.045086705358698964,82.60720343953491,90.85154501814387
0.001,0,150,32,[6],[3],0.2,0.20028603,0.07809749513398856,0.0,
0.001,0,150,32,[6],[6],0,0.08550662,0.02958167315227911,82.81108472687777,90.99958311800825
0.001,0,150,32,[6],[6],0.1,0.08347362,0.03014748654095456,82.19171101284383,90.65791563246896
0.001,0,150,32,[6],[6],0.2,0.095027015,0.03406468604225665,82.15709988538507,90.63945790874686
0.001,0,150,16,"[6, 6, 6]","[6, 3]",0,0.061136298,0.020595734531525522,64.51811508698083,
0.001,0,150,16,"[6, 6, 6]","[6, 3]",0.1,0.06517686,0.02269412498208112,62.010509361809966,
0.001,0,150,16,"[6, 6, 6]","[6, 3]",0.2,0.17995603,0.07144160626921803,0.0,
0.001,0,150,16,"[6, 6, 6]","[3, 6]",0,0.060541086,0.020177444821456447,64.97159483844946,
0.001,0,150,16,"[6, 6, 6]","[3, 6]",0.1,0.17193717,0.06665614055236802,0.0,
0.001,0,150,16,"[6, 6, 6]","[3, 6]",0.2,0.10047437,0.033834661917353515,64.23792042792336,
0.001,0,150,16,"[6, 6, 6]","[3, 3]",0,0.06737736,0.02326530338905286,61.14561239376211,
0.001,0,150,16,"[6, 6, 6]","[3, 3]",0.1,0.07012083,0.024175745966203976,64.96748912055776,
0.001,0,150,16,"[6, 6, 6]","[3, 3]",0.2,0.089522034,0.03166579772369005,57.29717877552576,
0.001,0,150,16,"[6, 6, 6]",[3],0,0.1832579,0.07308014464797452,0.0,
0.001,0,150,16,"[6, 6, 6]",[3],0.1,0.07509773,0.025839289082796313,59.619810894489376,
0.001,0,150,16,"[6, 6, 6]",[3],0.2,0.07648029,0.025793031500143115,60.501455265576496,
0.001,0,150,16,"[6, 6, 6]",[6],0,0.060610253,0.020956397202098742,63.89535442478237,
0.001,0,150,16,"[6, 6, 6]",[6],0.1,0.049054388,0.01593342643673168,65.94360094775587,
0.001,0,150,16,"[6, 6, 6]",[6],0.2,0.05539573,0.017972996465687174,65.2533211975187,
0.001,0,150,16,"[6, 6, 3]","[6, 3]",0,0.056928366,0.01920209833770059,65.11325390825598,
0.001,0,150,16,"[6, 6, 3]","[6, 3]",0.1,0.17477222,0.06845497555332258,0.0,
0.001,0,150,16,"[6, 6, 3]","[6, 3]",0.2,0.11459606,0.04578815423883498,59.713328859298215,
0.001,0,150,16,"[6, 6, 3]","[3, 6]",0,0.069911525,0.024198229948524386,62.89702813318132,
0.001,0,150,16,"[6, 6, 3]","[3, 6]",0.1,0.089616016,0.03179231389367487,59.081449829621036,
0.001,0,150,16,"[6, 6, 3]","[3, 6]",0.2,0.17250666,0.06701771344523877,0.0,
0.001,0,150,16,"[6, 6, 3]","[3, 3]",0,0.07866468,0.02879700841731392,61.79551202596798,
0.001,0,150,16,"[6, 6, 3]","[3, 3]",0.1,0.0757031,0.025466935039730743,60.23353124637162,
0.001,0,150,16,"[6, 6, 3]","[3, 3]",0.2,0.0931222,0.03440912150836084,58.02309759399578,
0.001,0,150,16,"[6, 6, 3]",[3],0,0.076920554,0.027890758792636916,61.450274671990016,
0.001,0,150,16,"[6, 6, 3]",[3],0.1,0.071639195,0.023413951976181124,59.417794201533226,
0.001,0,150,16,"[6, 6, 3]",[3],0.2,0.17188004,0.06661905645160004,0.0,
0.001,0,150,16,"[6, 6, 3]",[6],0,0.05537614,0.01807686512620421,64.79084357833733,
0.001,0,150,16,"[6, 6, 3]",[6],0.1,0.05814683,0.018714123143581674,62.889956198727404,
0.001,0,150,16,"[6, 6, 3]",[6],0.2,0.0683266,0.023771364703861764,61.973201792029265,
0.001,0,150,16,"[6, 3, 3]","[6, 3]",0,0.0624244,0.022138937129057012,64.14841014823956,
0.001,0,150,16,"[6, 3, 3]","[6, 3]",0.1,0.07967529,0.027323912945576012,60.41041200104631,
0.001,0,150,16,"[6, 3, 3]","[6, 3]",0.2,0.10568085,0.03891942978953011,59.851733193180266,
0.001,0,150,16,"[6, 3, 3]","[3, 6]",0,0.07552185,0.027408117966842838,62.163004628380946,
0.001,0,150,16,"[6, 3, 3]","[3, 6]",0.1,0.09428391,0.03526491709635593,59.36283198764477,
0.001,0,150,16,"[6, 3, 3]","[3, 6]",0.2,0.104057655,0.039059620758052915,59.25467079960392,
0.001,0,150,16,"[6, 3, 3]","[3, 3]",0,0.0649257,0.0223150615056511,63.48605979084554,
0.001,0,150,16,"[6, 3, 3]","[3, 3]",0.1,0.08056323,0.02849370430340059,60.94278019137876,
0.001,0,150,16,"[6, 3, 3]","[3, 3]",0.2,0.13664106,0.054059067770140246,50.34383389946127,
0.001,0,150,16,"[6, 3, 3]",[3],0,0.06407383,0.02199770906372578,60.86388382277103,
0.001,0,150,16,"[6, 3, 3]",[3],0.1,0.07140633,0.025286808886448853,61.865051194829014,
0.001,0,150,16,"[6, 3, 3]",[3],0.2,0.09312034,0.0330257709720172,58.949895740796386,
0.001,0,150,16,"[6, 3, 3]",[6],0,0.07069447,0.025539607304381207,63.22827322452069,
0.001,0,150,16,"[6, 3, 3]",[6],0.1,0.06494145,0.022403496404876933,64.16841529898281,
0.001,0,150,16,"[6, 3, 3]",[6],0.2,0.06836422,0.023411677466356196,63.79000170462802,
0.001,0,150,16,"[3, 3, 3]","[6, 3]",0,0.17153537,0.06639191415160894,0.0,
0.001,0,150,16,"[3, 3, 3]","[6, 3]",0.1,0.058628988,0.01945413282555819,64.99695663123332,
0.001,0,150,16,"[3, 3, 3]","[6, 3]",0.2,0.097107224,0.03751079893845599,61.92661081581363,
0.001,0,150,16,"[3, 3, 3]","[3, 6]",0,0.06654948,0.02297092396474909,62.87170657887918,
0.001,0,150,16,"[3, 3, 3]","[3, 6]",0.1,0.07783994,0.028807831972699205,60.378270706967896,
0.001,0,150,16,"[3, 3, 3]","[3, 6]",0.2,0.09972797,0.03550406945578288,59.1956417304434,
0.001,0,150,16,"[3, 3, 3]","[3, 3]",0,0.07421084,0.026999505644198507,62.012025962604085,
0.001,0,150,16,"[3, 3, 3]","[3, 3]",0.1,0.116618745,0.04343434557085857,51.62787202639849,
0.001,0,150,16,"[3, 3, 3]","[3, 3]",0.2,0.17114574,0.06612768775084987,0.0,
0.001,0,150,16,"[3, 3, 3]",[3],0,0.06929335,0.025663283304311335,63.802651045600214,
0.001,0,150,16,"[3, 3, 3]",[3],0.1,0.18134142,0.072148532490246,0.0,
0.001,0,150,16,"[3, 3, 3]",[3],0.2,0.08412935,0.028997835204336297,59.19358335914541,
0.001,0,150,16,"[3, 3, 3]",[6],0,0.06927696,0.024344051780644804,62.33173848193418,
0.001,0,150,16,"[3, 3, 3]",[6],0.1,0.07187363,0.026175592211075127,61.169336923861245,
0.001,0,150,16,"[3, 3, 3]",[6],0.2,0.06516452,0.02412997419014573,62.465454345618795,
0.001,0,150,16,"[6, 3]","[6, 3]",0,0.07622691,0.02533252081775572,60.18312747623932,
0.001,0,150,16,"[6, 3]","[6, 3]",0.1,0.0686064,0.02408092695986852,64.15811291178507,
0.001,0,150,16,"[6, 3]","[6, 3]",0.2,0.10488874,0.04078914425917901,58.32082958217538,
0.001,0,150,16,"[6, 3]","[3, 6]",0,0.06346679,0.02206387471233029,63.53995922931384,
0.001,0,150,16,"[6, 3]","[3, 6]",0.1,0.06734713,0.023789608530933037,64.59885676077982,
0.001,0,150,16,"[6, 3]","[3, 6]",0.2,0.09950472,0.03785967128351331,60.08103543807086,
0.001,0,150,16,"[6, 3]","[3, 3]",0,0.17124031,0.06619258492719382,0.0,
0.001,0,150,16,"[6, 3]","[3, 3]",0.1,0.0638019,0.02094549722642114,62.93329427909694,
0.001,0,150,16,"[6, 3]","[3, 3]",0.2,0.17235109,0.06692036549793556,0.0,
0.001,0,150,16,"[6, 3]",[3],0,0.07198398,0.025523138174321502,62.24653709807094,
0.001,0,150,16,"[6, 3]",[3],0.1,0.070467144,0.024215285520767793,62.278771820982826,
0.001,0,150,16,"[6, 3]",[3],0.2,0.062602475,0.02114557728418731,64.08669650352589,
0.001,0,150,16,"[6, 3]",[6],0,0.06360964,0.021971124624542426,62.32025068692899,
0.001,0,150,16,"[6, 3]",[6],0.1,0.055154495,0.018085866031469777,65.11494605612822,
0.001,0,150,16,"[6, 3]",[6],0.2,0.06395173,0.021369305545704265,62.80665656802498,
0.001,0,150,16,"[3, 6]","[6, 3]",0,0.068308204,0.024174320424208418,61.596286920579374,
0.001,0,150,16,"[3, 6]","[6, 3]",0.1,0.07265934,0.02406251514912583,59.6277534979114,
0.001,0,150,16,"[3, 6]","[6, 3]",0.2,0.11241685,0.04525793847278692,62.90314466568037,
0.001,0,150,16,"[3, 6]","[3, 6]",0,0.066131525,0.022581768553209258,60.112197259063784,
0.001,0,150,16,"[3, 6]","[3, 6]",0.1,0.07842739,0.028256054611119907,59.98872619812166,
0.001,0,150,16,"[3, 6]","[3, 6]",0.2,0.10285546,0.039020618714857846,60.14890865714318,
0.001,0,150,16,"[3, 6]","[3, 3]",0,0.067084275,0.02355065844312776,62.86646342231042,
0.001,0,150,16,"[3, 6]","[3, 3]",0.1,0.07662047,0.027451448659121525,60.605790571812705,
0.001,0,150,16,"[3, 6]","[3, 3]",0.2,0.13314514,0.052471953677013516,55.68294010347624,
0.001,0,150,16,"[3, 6]",[3],0,0.06396535,0.020892880024803162,59.78608572424642,
0.001,0,150,16,"[3, 6]",[3],0.1,0.07875165,0.026665387531465967,60.37155979579268,
0.001,0,150,16,"[3, 6]",[3],0.2,0.08873497,0.031805919388716575,60.92858145196112,
0.001,0,150,16,"[3, 6]",[6],0,0.073817834,0.026693428299040534,62.10187088254624,
0.001,0,150,16,"[3, 6]",[6],0.1,0.06664623,0.022792358868173324,62.1261541913305,
0.001,0,150,16,"[3, 6]",[6],0.2,0.05911065,0.02029249371844344,64.72192106080401,
0.001,0,150,16,[3],"[6, 3]",0,0.070496626,0.02517882239772007,61.974098279235996,
0.001,0,150,16,[3],"[6, 3]",0.1,0.06301252,0.022846235992801667,63.680114949893294,
0.001,0,150,16,[3],"[6, 3]",0.2,0.18032601,0.07163340778788552,0.0,
0.001,0,150,16,[3],"[3, 6]",0,0.06463289,0.02210281127190683,62.83901932114154,
0.001,0,150,16,[3],"[3, 6]",0.1,0.066760704,0.0226777556235902,62.65648506770147,
0.001,0,150,16,[3],"[3, 6]",0.2,0.08773895,0.03211397834093077,61.20397358857157,
0.001,0,150,16,[3],"[3, 3]",0,0.07029996,0.024989885423565283,62.17302306974405,
0.001,0,150,16,[3],"[3, 3]",0.1,0.1758586,0.06912882963661104,1.2708770784838503,
0.001,0,150,16,[3],"[3, 3]",0.2,0.10844794,0.039316679976764135,54.573097341788,
0.001,0,150,16,[3],[3],0,0.06042179,0.020332802159828134,63.487157238811896,
0.001,0,150,16,[3],[3],0.1,0.0708815,0.02625776978675276,61.88145157684377,
0.001,0,150,16,[3],[3],0.2,0.17174694,0.06647909031016752,2.759981211580632,
0.001,0,150,16,[3],[6],0,0.07934566,0.02893590572057292,60.550457600766954,
0.001,0,150,16,[3],[6],0.1,0.053414598,0.01737982893246226,64.7369904418173,
0.001,0,150,16,[3],[6],0.2,0.05898998,0.020597635966623784,63.58942076441396,
0.001,0,150,16,[6],"[6, 3]",0,0.052323863,0.017516688171781425,64.65830042509864,
0.001,0,150,16,[6],"[6, 3]",0.1,0.07051361,0.0229976652917685,60.03967867291159,
0.001,0,150,16,[6],"[6, 3]",0.2,0.10844133,0.039746971378917806,56.1719561376768,
0.001,0,150,16,[6],"[3, 6]",0,0.05168347,0.016666969531797804,64.87017806542022,
0.001,0,150,16,[6],"[3, 6]",0.1,0.07217991,0.026086115394718945,63.52028246924216,
0.001,0,150,16,[6],"[3, 6]",0.2,0.10279895,0.03633583546616137,58.239097088040964,
0.001,0,150,16,[6],"[3, 3]",0,0.06390195,0.021682203077943996,62.529627921897756,
0.001,0,150,16,[6],"[3, 3]",0.1,0.077760994,0.026689062042350997,61.60728996525296,
0.001,0,150,16,[6],"[3, 3]",0.2,0.081796445,0.02809176585287787,60.980112693976764,
0.001,0,150,16,[6],[3],0,0.17153537,0.06639191415160894,0.0,
0.001,0,150,16,[6],[3],0.1,0.057723433,0.019802149108727463,64.24044683873608,
0.001,0,150,16,[6],[3],0.2,0.09958838,0.040029095544014126,60.08604099086103,
0.001,0,150,16,[6],[6],0,0.06247221,0.019861654936903506,60.66760856421142,
0.001,0,150,16,[6],[6],0.1,0.05644119,0.020141720233368687,64.21194497000762,
0.001,0,150,16,[6],[6],0.2,0.06601583,0.023989257897483185,62.5064633939319,
0.001,0,200,64,"[6, 6, 6]","[6, 3]",0,0.21163677,0.08303278009407222,0.0,
0.001,0,200,64,"[6, 6, 6]","[6, 3]",0.1,0.19080406,0.07335650152526796,0.0,
0.001,0,200,64,"[6, 6, 6]","[6, 3]",0.2,0.42370933,0.1683456590399146,0.0,
0.001,0,200,64,"[6, 6, 6]","[3, 6]",0,0.09674468,0.03194168384652585,76.12118040237533,87.24745291547217
0.001,0,200,64,"[6, 6, 6]","[3, 6]",0.1,0.09951552,0.034093137946911156,80.50242185387843,89.72314186088136
0.001,0,200,64,"[6, 6, 6]","[3, 6]",0.2,0.18879142,0.0711929053068161,7.3864511522175045,-27.17802633050735
0.001,0,200,64,"[6, 6, 6]","[3, 3]",0,0.15888658,0.05783544620499015,62.134660766654804,78.82554203217052
0.001,0,200,64,"[6, 6, 6]","[3, 3]",0.1,0.12637255,0.04783447948284447,65.89396371965698,81.17509699387921
0.001,0,200,64,"[6, 6, 6]","[3, 3]",0.2,0.16465941,0.06493288674391806,82.82711407304035,91.0094028510463
0.001,0,200,64,"[6, 6, 6]",[3],0,0.11665378,0.03896022972185165,81.43844421888394,90.24325139249137
0.001,0,200,64,"[6, 6, 6]",[3],0.1,0.09002115,0.030911309295333922,78.45816534576238,88.57661392589038
0.001,0,200,64,"[6, 6, 6]",[3],0.2,0.11313279,0.04320922016631812,79.52794777221922,89.17844345592674
0.001,0,200,64,"[6, 6, 6]",[6],0,0.0794151,0.025146087864413857,83.40185231250749,91.32461459678188
0.001,0,200,64,"[6, 6, 6]",[6],0.1,0.10299623,0.03548470267560333,73.5983233745428,85.78946518923101
0.001,0,200,64,"[6, 6, 6]",[6],0.2,0.1339609,0.05337372422218323,70.2117846275493,83.79247259005388
0.001,0,200,64,"[6, 6, 3]","[6, 3]",0,0.07898517,0.027320574736222625,83.02300446334156,91.11696025622318
0.001,0,200,64,"[6, 6, 3]","[6, 3]",0.1,0.19037522,0.07305715698748827,0.0,
0.001,0,200,64,"[6, 6, 3]","[6, 3]",0.2,0.14975147,0.05974063533358276,75.91881066320212,87.13140114975893
0.001,0,200,64,"[6, 6, 3]","[3, 6]",0,0.10682072,0.03543066559359431,78.77213291043826,88.75366635268553
0.001,0,200,64,"[6, 6, 3]","[3, 6]",0.1,0.12380411,0.042689297697506845,82.71347110056243,90.94694667802898
0.001,0,200,64,"[6, 6, 3]","[3, 6]",0.2,0.11457279,0.03901779418811202,82.76283473592083,90.97408132865141
0.001,0,200,64,"[6, 6, 3]","[3, 3]",0,0.10184061,0.032432161970064044,77.06068278448099,87.7842142896324
0.001,0,200,64,"[6, 6, 3]","[3, 3]",0.1,0.19815953,0.07745118928141892,0.0,
0.001,0,200,64,"[6, 6, 3]","[3, 3]",0.2,0.115938395,0.04290630458854139,81.40336558448831,90.22381369931573
0.001,0,200,64,"[6, 6, 3]",[3],0,0.19355159,0.0748551799915731,0.9330532611344,-9.659468210695657
0.001,0,200,64,"[6, 6, 3]",[3],0.1,0.08388353,0.026517309015616775,81.92947877744881,90.5149041746434
0.001,0,200,64,"[6, 6, 3]",[3],0.2,0.102569714,0.036466732854023576,80.45816943422139,89.69847793258334
0.001,0,200,64,"[6, 6, 3]",[6],0,0.10816331,0.035671074874699116,68.5376834982411,82.78748908998334
0.001,0,200,64,"[6, 6, 3]",[6],0.1,0.101396464,0.035728031070902944,80.50344831423753,89.72371387444767
0.001,0,200,64,"[6, 6, 3]",[6],0.2,0.12766975,0.047828504466451705,74.36573557418279,86.23557014027494
0.001,0,200,64,"[6, 3, 3]","[6, 3]",0,0.07730625,0.02505762968212366,84.04044227611625,91.67357431458439
0.001,0,200,64,"[6, 3, 3]","[6, 3]",0.1,0.14140092,0.05413488834165037,62.3982825935137,78.99258357182255
0.001,0,200,64,"[6, 3, 3]","[6, 3]",0.2,0.10778225,0.03924106422346085,84.4454907013464,91.89422762140525
0.001,0,200,64,"[6, 3, 3]","[3, 6]",0,0.12674539,0.043306476436555386,61.84840884028168,78.6437593457241
0.001,0,200,64,"[6, 3, 3]","[3, 6]",0.1,0.11363936,0.04297709674574435,76.50509212963516,87.46718935099904
0.001,0,200,64,"[6, 3, 3]","[3, 6]",0.2,0.11689716,0.039397101500071585,80.1160506322302,89.50756986547572
0.001,0,200,64,"[6, 3, 3]","[3, 3]",0,0.55702704,0.23197941482067108,0.0,
0.001,0,200,64,"[6, 3, 3]","[3, 3]",0.1,0.11470288,0.039053361979313195,79.99789036687336,89.44153977144701
0.001,0,200,64,"[6, 3, 3]","[3, 3]",0.2,0.12731661,0.04675544623751193,77.18033694942874,87.8523402929192
0.001,0,200,64,"[6, 3, 3]",[3],0,0.084222876,0.02745164092630148,80.48052434539076,89.71093821011502
0.001,0,200,64,"[6, 3, 3]",[3],0.1,0.13232228,0.05098482361063361,63.52072005159766,79.69988710882699
0.001,0,200,64,"[6, 3, 3]",[3],0.2,0.13158791,0.0474144151667133,57.977740640489294,76.14311567074813
0.001,0,200,64,"[6, 3, 3]",[6],0,0.073679,0.025088843540288508,85.32275671949647,92.37031813277274
0.001,0,200,64,"[6, 3, 3]",[6],0.1,0.16367604,0.06111370166763663,29.13738623948017,53.97905727176067
0.001,0,200,64,"[6, 3, 3]",[6],0.2,0.17822228,0.06984623614698648,53.43102987608995,73.09653198072392
0.001,0,200,64,"[3, 3, 3]","[6, 3]",0,0.1349734,0.04754215769935399,68.6695218545328,82.86707540062747
0.001,0,200,64,"[3, 3, 3]","[6, 3]",0.1,0.07947014,0.02513717918191105,84.36110438194333,91.84830122650246
0.001,0,200,64,"[3, 3, 3]","[6, 3]",0.2,0.20127736,0.07891088025644422,0.0,
0.001,0,200,64,"[3, 3, 3]","[3, 6]",0,0.080075085,0.025653166812844574,82.40731011725035,90.7784721821481
0.001,0,200,64,"[3, 3, 3]","[3, 6]",0.1,0.10754424,0.039708244730718434,81.00510613730641,90.00283669824324
0.001,0,200,64,"[3, 3, 3]","[3, 6]",0.2,0.18760781,0.07111554150469601,14.81477243686578,38.489962895365046
0.001,0,200,64,"[3, 3, 3]","[3, 3]",0,0.07820923,0.025527109391987324,83.22815253278888,91.22946483060659
0.001,0,200,64,"[3, 3, 3]","[3, 3]",0.1,0.1047172,0.03367362078279257,82.2999946464351,90.71934448971459
0.001,0,200,64,"[3, 3, 3]","[3, 3]",0.2,0.1794562,0.07113483734428883,78.66933243373163,88.69573407652231
0.001,0,200,64,"[3, 3, 3]",[3],0,0.15282735,0.05546889151446521,36.01518969974096,60.0126567481735
0.001,0,200,64,"[3, 3, 3]",[3],0.1,0.09205161,0.031534332083538175,78.82786800104608,88.78505955454786
0.001,0,200,64,"[3, 3, 3]",[3],0.2,0.25991216,0.09642872028052807,1.08691494998375,-10.425521329812481
0.001,0,200,64,"[3, 3, 3]",[6],0,0.08148662,0.02676872245501727,81.54703887396674,90.3033990910457
0.001,0,200,64,"[3, 3, 3]",[6],0.1,0.09017415,0.029712304240092635,80.38686172669955,89.65872056119225
0.001,0,200,64,"[3, 3, 3]",[6],0.2,0.1215431,0.046570246922783554,76.39352068505548,87.4033870539669
0.001,0,200,64,"[6, 3]","[6, 3]",0,0.08865156,0.02899595128837973,83.0703067726041,91.14291347801216
0.001,0,200,64,"[6, 3]","[6, 3]",0.1,0.09438977,0.03262879035901278,82.36971872006318,90.7577648028328
0.001,0,200,64,"[6, 3]","[6, 3]",0.2,0.1289597,0.046351473429240286,78.0248156425325,88.33165663709273
0.001,0,200,64,"[6, 3]","[3, 6]",0,0.077481784,0.025782655575312674,83.20540615300193,91.21699740344555
0.001,0,200,64,"[6, 3]","[3, 6]",0.1,0.118344516,0.039919166010804474,79.48065032442737,89.15192108105543
0.001,0,200,64,"[6, 3]","[3, 6]",0.2,0.111463144,0.038295998820103705,80.82246491941588,89.90131529594872
0.001,0,200,64,"[6, 3]","[3, 3]",0,0.34219187,0.13107041595503688,0.0,
0.001,0,200,64,"[6, 3]","[3, 3]",0.1,0.14879176,0.05860474775545299,66.56121716364697,81.58505816854391
0.001,0,200,64,"[6, 3]","[3, 3]",0.2,0.15520963,0.05789375863969326,59.13389972641836,76.89856937968244
0.001,0,200,64,"[6, 3]",[3],0,0.11149513,0.038528835284523666,66.7131678671216,81.67812918224902
0.001,0,200,64,"[6, 3]",[3],0.1,0.20037362,0.07857608725316823,3.2700954050943096,18.083405113789574
0.001,0,200,64,"[6, 3]",[3],0.2,0.11585667,0.04150251334067434,71.70574577133767,84.67924525604705
0.001,0,200,64,"[6, 3]",[6],0,0.08600758,0.028049820684827864,79.80288076563156,89.33245813568075
0.001,0,200,64,"[6, 3]",[6],0.1,0.079237476,0.027000947738997638,83.08191671634798,91.14928234294992
0.001,0,200,64,"[6, 3]",[6],0.2,0.085675836,0.030478285043500364,82.6939900464793,90.93623592742296
0.001,0,200,64,"[3, 6]","[6, 3]",0,0.07840207,0.025653530610725284,84.63134192215705,91.99529440257096
